Name,Team,Age,Position,Apps,Minutes,Total goals,Total Assists,Shots per game,Key passes per game,Dribbles per game,Fouled per game,Offsides per game,Dispossessed per game,Bad control per game,Rating
Christian Eriksen,Ajax,27,M(CLR),4,360,2,3,3,3,0.5,1.3,-,1,1.3,7.99
Graziano Pellè,Feyenoord,33,FW,28,2505,23,6,4.3,2,0.5,2.2,0.5,2.4,2.7,7.97
Dusan Tadic,Twente,30,"AM(CLR),FW",33,2970,16,14,2.8,4,1.7,2.2,0.2,2,2.5,7.81
Memphis Depay,PSV Eindhoven,25,"AM(CL),FW",32,2705,12,7,5.1,2.7,3.2,1.9,0.3,3.1,3.4,7.74
Youness Mokhtar,PEC Zwolle,27,AM(LR),4,356,1,3,2.3,2.3,1.8,1.8,0.3,3.5,2.8,7.70
Joël Veltman,Ajax,27,D(CR),24(1),2158,2,2,0.5,0.3,1.8,2,-,0.3,0.4,7.68
Lex Immers,Feyenoord,33,"AM(C),FW",32,2820,12,5,2.5,1.8,0.5,1.8,0.1,1.1,1.4,7.64
Eric Botteghin,FC Groningen,31,D(C),38,3391,2,4,0.9,0.3,0.2,0.6,-,0.4,0.3,7.55
Alfred Finnbogason,SC Heerenveen,30,FW,32,2835,29,9,3.7,1.8,1,1.3,1.3,2,2.4,7.54
Quincy Promes,Twente,27,"M(CLR),FW",31,2732,11,8,3.2,2.7,1.4,1.4,0.5,1.4,1.9,7.54
Jordy van der Winden,FC Utrecht,25,Defender,2,136,-,-,-,0.5,1,0.5,-,1,0.5,7.52
Jetro Willems,PSV Eindhoven,25,"D(L),DMC,M(L)",28,2378,4,3,0.9,1.1,1.2,1.8,-,1.4,0.9,7.50
Filip Kostic,FC Groningen,26,"M(LR),FW",37(1),3297,11,7,2.1,1.3,2.6,2.2,0.2,2.4,2.3,7.47
Jean-Paul Boëtius,Feyenoord,25,AM(CL),24(5),2068,10,9,2,1.3,1,2.6,0.3,1.6,2.4,7.43
Lasse Schöne,Ajax,33,M(CLR),25(4),2152,9,8,1.6,2,1,1.1,0.1,1.7,1.4,7.39
Bilal Basacikoglu,SC Heerenveen,24,AM(LR),23(1),1991,6,4,2,1.8,2.4,1.2,0.2,1.7,2.3,7.39
Daley Blind,Ajax,29,"D(CL),DMC,M(L)",29,2533,1,1,1,1.3,0.7,0.9,-,0.6,1,7.38
Din Mori,Vitesse,30,D(C),5(1),495,1,-,0.8,0.2,0.3,0.7,0.2,0.5,0.7,7.37
Jeffrey Bruma,PSV Eindhoven,27,D(C),31,2757,4,1,1,0.4,0.8,0.7,-,0.3,0.6,7.37
Hakim Ziyech,SC Heerenveen,26,M(CR),28(5),2467,9,9,3.3,2.2,1.7,1.3,0.1,1.5,2,7.35
Jordy Clasie,Feyenoord,28,DMC,32,2840,1,7,1.1,1.2,0.5,1,-,0.7,0.9,7.34
Niklas Moisander,Ajax,33,D(C),22(1),1985,1,2,0.7,0.7,0.8,0.6,-,0.3,0.3,7.34
Guram Kashia,Vitesse,31,D(C),33,2869,2,3,0.7,0.5,0.3,0.6,-,0.4,0.4,7.34
Davy Klaassen,Ajax,26,AM(C),23(3),2102,10,3,1.7,1,0.7,1.1,0.2,1,1.4,7.33
Stefan de Vrij,Feyenoord,27,D(C),32,2843,4,1,0.8,0.3,0.5,0.4,-,0.3,-,7.32
Lucas Piazon,Vitesse,25,AM(CLR),24(5),2110,11,8,1.9,2.7,1.2,1.4,-,3,1.8,7.32
Joost van Aken,SC Heerenveen,25,D(CL),6(2),542,2,-,0.9,0.8,0.3,0.5,-,0.1,0.8,7.31
Felipe Gutiérrez,Twente,28,DMC,33,2951,3,3,1.8,1,1,1.1,-,1.1,1.3,7.30
Marten de Roon,SC Heerenveen,28,DMC,31(1),2803,3,1,1,0.9,0.5,1,-,0.8,0.9,7.30
Jeroen Veldmate,Heracles,30,D(C),17(2),1459,1,1,0.8,0.3,0.4,0.9,-,0.1,0.4,7.29
Jan Seda,RKC Waalwijk,33,GK,23,2026,-,-,-,-,-,-,-,-,-,7.28
Lerin Duarte,Heracles,28,"D(L),M(CR)",4(1),405,2,-,3.6,1.4,2,0.8,-,2.6,3.4,7.26
Roberto Rosales,Twente,30,"D(R),M(R)",30,2700,1,2,1,1.2,0.9,1.2,-,0.4,1.4,7.25
Christian Atsu,Vitesse,27,AM(CLR),27(1),2307,5,6,2.3,1.9,1.9,1.6,0.2,2.2,1.8,7.24
Theo Janssen,Vitesse,37,DMC,9,798,1,5,1.9,2.8,0.3,0.1,-,0.6,0.7,7.24
Jeffrey Gouweleeuw,AZ Alkmaar,27,D(C),37,3330,1,-,0.7,0.5,0.3,0.4,-,0.2,0.5,7.23
Daryl Janmaat,Feyenoord,29,"D(R),M(R)",30,2641,2,5,0.9,1.2,0.9,0.4,-,1,1.1,7.22
Ramon Leeuwin,Cambuur,31,D(C),32,2785,3,-,0.8,0.3,0.4,1.3,-,0.1,0.6,7.22
Christian Kum,SC Heerenveen,33,D(CLR),22(1),1949,-,-,0.2,0.2,0.5,0.9,-,0.2,0.2,7.22
Stijn Schaars,PSV Eindhoven,35,DMC,26(1),2129,-,6,0.7,1.9,0.6,1.2,-,1,0.5,7.22
Mattias Johansson,AZ Alkmaar,27,D(R),30(1),2738,4,2,0.9,0.6,1.3,1.1,0.1,0.9,0.9,7.21
Celso Ortíz,AZ Alkmaar,30,DMC,29(2),2320,1,1,0.7,0.4,0.5,1,-,0.7,0.8,7.20
Bryan Ruiz,PSV Eindhoven,33,"M(CLR),FW",13(1),1129,5,2,1.9,1.1,1.4,1.6,0.4,3,1.1,7.20
Robbin Ruiter,FC Utrecht,32,GK,30,2700,-,-,-,-,-,0.1,-,-,-,7.20
Andreas Bjelland,Twente,30,D(CL),33,2930,-,2,0.2,0.4,0.2,0.7,-,0.2,0.3,7.19
Evander Sno,RKC Waalwijk,32,M(C),23,1951,4,1,1.1,1.2,2.1,1.8,0.1,1.4,1.3,7.19
Tonny Vilhena,Feyenoord,24,M(CL),29(3),2604,6,7,1.8,1,0.7,1.3,0.1,1.4,1.3,7.19
Jan-Arie van der Heijden,Vitesse,31,D(C),34,3025,-,2,0.5,0.6,1.4,0.5,-,0.6,0.4,7.18
Michael Higdon,NEC Nijmegen,35,FW,28(4),2525,14,7,2.2,1.4,0.2,1.5,0.5,1,1.5,7.18
Roy Beerens,AZ Alkmaar,31,"AM(CLR),FW",33,2714,5,5,2.1,1.5,2,2.4,0.4,1.8,1.8,7.16
Sander Duits,RKC Waalwijk,35,DMC,30,2628,6,2,1.1,1.6,0.3,0.5,-,0.7,0.5,7.16
Doke Schmidt,Go Ahead Eagles,27,D(CLR),27,2422,2,-,0.4,0.7,0.7,1,-,0.7,0.6,7.15
Kees Kwakman,NAC Breda,36,"D(C),DMC",26(2),2356,3,1,0.8,0.5,0.1,0.6,0.1,0.3,0.4,7.15
Uros Matic,NAC Breda,29,DMC,14,1247,-,-,1.5,0.6,3,1.9,0.1,2.1,1.1,7.14
Diederik Boer,PEC Zwolle,38,GK,21,1816,-,-,-,-,-,0.1,-,-,-,7.14
Kevin Conboy,NEC Nijmegen,31,"D(L),DMC",33,2907,4,3,1.3,0.8,0.4,1.1,0.1,0.8,1.1,7.14
Jordy Buijs,NAC Breda,30,"D(C),DMC",32,2870,6,4,1.1,1.3,0.3,1.1,-,0.4,0.8,7.14
Kamohelo Mokotjo,PEC Zwolle,28,DMC,27,2316,2,1,0.5,0.9,1.2,1.9,0.1,1,0.7,7.14
Steven Berghuis,AZ Alkmaar,27,"AM(R),FW",19(10),1719,9,6,2.4,1.5,1.3,1.1,0.2,1.1,1.2,7.13
Jop van der Linden,Go Ahead Eagles,28,D(C),31,2747,4,2,1.2,1,0.3,0.5,-,0.2,0.2,7.13
Santiago Arias,PSV Eindhoven,27,D(R),25,2181,1,3,0.7,0.8,1,1.1,-,1,0.9,7.12
Prince,RKC Waalwijk,25,D(C),20,1733,-,-,0.4,0.2,0.4,0.8,-,0.5,0.3,7.12
Jasper Cillessen,Ajax,30,GK,24(1),2205,-,-,-,0.1,0.1,0.3,-,-,-,7.12
Jukka Raitala,SC Heerenveen,30,"D(CLR),M(L)",2,147,-,-,-,1,-,0.5,0.5,1,0.5,7.12
Tom Beugelsdijk,ADO Den Haag,28,D(C),29(1),2601,4,3,0.9,0.5,0.3,0.8,0.1,0.4,0.4,7.12
Patrick van Aanholt,Vitesse,28,"D(L),M(L)",29,2536,4,3,1.8,1,1,0.6,-,0.8,1.1,7.11
Rémy Amieux,RKC Waalwijk,32,D(L),34,3028,2,2,0.8,0.6,0.7,0.6,-,0.4,0.6,7.11
Stefano Denswil,Ajax,26,D(C),15(2),1350,1,-,0.7,0.2,0.4,0.6,0.1,0.4,0.2,7.11
Thulani Serero,Ajax,29,DMC,25(4),2279,3,5,0.9,1.5,1,2.3,0.1,1.1,1.2,7.11
Simon Poulsen,AZ Alkmaar,34,D(L),10(3),874,-,-,0.4,0.5,1.2,0.6,-,0.5,0.5,7.11
Yassin Ayoub,FC Utrecht,25,M(C),24(2),2054,3,-,0.9,0.7,1.1,1.6,-,1.2,1,7.11
Luc Castaignos,Twente,26,FW,31,2640,14,5,3.2,1.3,0.6,1.6,0.8,2,2.5,7.10
Kelvin Leerdam,Vitesse,29,"D(LR),DMC",27(1),2393,8,1,0.9,0.8,0.5,0.8,-,0.6,0.6,7.10
Jason Davidson,Heracles,28,D(L),30,2671,2,3,0.4,1.1,0.7,0.9,0.1,0.5,0.7,7.09
Magnus Wolff Eikrem,SC Heerenveen,28,AM(CLR),10(3),893,2,2,1.2,1.3,0.8,0.3,0.1,0.8,0.6,7.09
Marco Bizot,FC Groningen,28,GK,38,3420,-,-,-,0.1,-,0.1,-,-,-,7.09
Matthieu Delpierre,FC Utrecht,38,D(C),14,1223,-,1,0.1,0.5,0.3,0.6,-,0.1,0.1,7.08
Davy Pröpper,Vitesse,27,M(C),34(1),3061,7,5,1.5,1.5,0.8,1,-,2.4,2.2,7.08
Nicolai Boilesen,Ajax,27,D(L),17(3),1445,1,2,0.7,0.9,1.9,1.3,-,0.5,1,7.07
Bryan Linssen,Heracles,28,"AM(CLR),FW",31,2702,11,-,3.3,1.5,0.7,1.2,0.5,1.2,1.8,7.07
Mateusz Klich,PEC Zwolle,29,M(C),28(2),2473,4,7,1.3,1.5,0.8,0.9,-,1.7,1,7.07
Terence Kongolo,Feyenoord,25,D(CL),15(2),1348,-,1,0.1,0.4,0.5,1.1,0.1,0.1,0.3,7.07
Kenny van Hoevelen,RKC Waalwijk,36,D(C),26,2246,1,1,0.4,-,0.3,0.3,-,0.1,0.1,7.07
Mark-Jan Fledderus,Roda,36,"D(L),M(CL)",21(2),1793,5,2,2.4,2,0.7,2.5,-,1.3,1.3,7.06
Nick Viergever,AZ Alkmaar,29,"D(CL),DMC",37,3252,3,2,0.5,0.6,0.7,0.7,-,0.5,0.8,7.06
Renato Ibarra,Vitesse,28,AM(R),30(3),2596,1,4,2.1,1.2,2.1,2,0.3,1.8,1.8,7.06
Joshua Brenet,PSV Eindhoven,25,"D(LR),M(R)",10(2),1009,-,-,0.7,0.7,1.6,0.8,-,0.9,1.6,7.06
Joris Mathijsen,Feyenoord,39,D(C),19(1),1641,1,1,0.3,0.2,-,0.3,-,0.1,0.1,7.06
Georginio Wijnaldum,PSV Eindhoven,28,M(CL),9(2),876,4,-,2.3,0.6,1,1.5,-,2.1,1.4,7.06
Nick van der Velden,FC Groningen,37,"AM(CR),FW",21(2),1739,6,8,1.5,2.1,0.4,1.4,0.7,1.3,1.7,7.05
Stefano Magnasco,FC Groningen,26,D(R),11(1),999,-,1,0.2,0.9,1.3,1.7,-,0.8,1,7.05
Marko Vejinovic,Vitesse,29,M(C),26(6),2313,2,3,1.2,0.8,0.7,0.7,-,0.7,0.9,7.05
Viktor Elm,AZ Alkmaar,33,"D(C),DMC",27(6),2275,3,-,1.1,0.7,0.1,1.1,0.1,0.5,0.8,7.05
Karim Rekik,PSV Eindhoven,24,D(CL),25,2202,1,-,0.6,0.2,0.2,0.7,-,0.4,0.4,7.04
Danny Holla,ADO Den Haag,31,DMC,26,2267,3,4,1.5,2.2,0.4,0.9,-,0.5,1.1,7.04
Tjaronn Chery,FC Groningen,31,"AM(CLR),FW",35,3060,10,7,3,1.4,0.8,1.3,0.3,2.1,1,7.04
Nemanja Gudelj,AZ Alkmaar,27,M(C),33,2815,6,3,1.8,0.7,0.6,2,0.1,0.9,1.3,7.04
Dave Bulthuis,FC Utrecht,29,D(CL),24,2149,4,1,0.7,0.8,0.3,0.5,0.1,0.7,0.6,7.04
Romeo Castelen,RKC Waalwijk,36,"AM(R),FW",28(1),2181,6,6,1.4,1.3,2.7,2.5,0.6,2.6,2,7.03
Ricardo van Rhijn,Ajax,28,D(CR),31(1),2787,2,3,0.6,0.8,0.4,0.4,0.1,0.5,0.6,7.03
Martijn van der Laan,Cambuur,30,D(C),31,2710,-,1,0.3,0.2,0.8,1,-,0.2,0.4,7.03
Kostas Lamprou,Feyenoord,27,GK,2,166,-,-,-,-,0.5,-,-,-,-,7.03
Henrico Drost,NAC Breda,32,D(C),33,2940,-,1,0.2,0.1,-,0.1,-,0.1,0.2,7.02
Johan Kappelhof,FC Groningen,28,"D(CR),DMC",36,3194,2,1,0.3,0.3,0.3,0.5,-,0.4,0.5,7.02
Bruno Martins Indi,Feyenoord,27,D(CL),26,2283,2,1,0.4,0.5,0.5,1.2,-,1,0.4,7.01
Esteban Alvarado,AZ Alkmaar,30,GK,38,3420,-,-,-,0.1,0.1,0.1,-,-,0.1,7.01
Jens Toornstra,FC Utrecht,30,AM(CLR),34,3044,12,3,2.3,1.8,0.5,0.6,0.3,1.1,1.5,7.01
Przemyslaw Tyton,PSV Eindhoven,32,GK,5(1),488,-,-,-,0.2,-,-,-,-,-,7.01
Viktor Fischer,Ajax,25,"AM(L),FW",19(5),1636,3,2,2.6,1,2.2,0.7,0.2,1.7,1.4,7.00
Willem Janssen,FC Utrecht,32,"D(C),M(C)",5,364,1,-,1.4,0.8,0.8,1.4,-,0.4,0.4,7.00
Bart Biemans,Roda,31,D(C),24,2086,-,-,0.6,0.2,0.2,0.4,-,0.1,0.2,7.00
Ruben Schaken,Feyenoord,37,"AM(R),FW",25(7),2152,4,5,0.8,1.5,1.4,2,0.8,1.5,1.6,7.00
Aaron Meijers,ADO Den Haag,31,"D(L),DMC",34,3060,1,4,0.4,0.9,1.2,1.9,-,1.2,0.7,7.00
Mohamed El Makrini,Cambuur,31,DMC,31(1),2785,1,2,0.6,0.6,0.4,1.3,-,0.8,0.9,6.99
Robert Zwinkels,ADO Den Haag,36,GK,6,540,-,-,-,-,-,-,-,-,-,6.99
Pele van Anholt,SC Heerenveen,28,"D(LR),DMC",33,2931,2,2,0.6,0.6,0.7,0.9,0.1,1.2,0.6,6.99
Etiënne Reijnen,AZ Alkmaar,32,D(CR),8(1),683,-,1,0.6,0.7,0.2,0.8,-,0.6,1.2,6.99
Ruud Vormer,Feyenoord,31,DMC,8(9),763,3,6,0.9,1.2,0.3,0.8,-,0.2,0.3,6.99
Kenny Otigba,SC Heerenveen,26,D(C),22(3),2030,5,-,0.7,0.2,0.3,0.8,-,0.2,0.4,6.99
Arnold Kruiswijk,SC Heerenveen,34,D(CL),29,2555,-,-,-,0.2,0.2,0.5,-,0.3,0.3,6.97
Kevin Begois,PEC Zwolle,37,GK,12(1),1055,-,-,-,-,-,-,-,-,-,6.97
Anouar Kali,Roda,28,DMC,28(1),2523,1,1,0.9,1.1,0.8,1.2,-,1.2,1.2,6.96
Aron Jóhannsson,AZ Alkmaar,28,FW,31(3),2612,17,7,2.1,1.4,0.9,1,0.8,1.8,2,6.96
Daniel de Ridder,RKC Waalwijk,35,AM(L),4(6),524,2,1,1.8,0.8,2.1,1.7,0.1,1.5,0.6,6.95
Ruben Ligeon,Ajax,27,D(LR),4(1),351,-,1,0.6,0.6,1.4,0.4,-,1.6,1,6.95
Jeroen Zoet,PSV Eindhoven,28,GK,29,2572,-,-,-,-,0.1,0.1,-,-,0.1,6.95
Jarchinio Antonia,Go Ahead Eagles,28,AM(LR),31(2),2657,9,6,1.6,1.1,0.8,1.1,0.3,1.2,1.3,6.94
Timo Letschert,Roda,26,D(CLR),11,987,-,-,0.5,0.6,1.5,1,-,1,1,6.94
Bram van Polen,PEC Zwolle,33,D(CLR),26(1),2343,1,1,0.6,0.6,0.5,0.9,0.1,0.6,0.6,6.94
Mike Havenaar,Vitesse,32,FW,30(4),2625,10,4,2.2,1.1,0.1,0.6,0.7,1.2,1.8,6.94
Jody Lukoki,Cambuur,26,AM(R),31(1),2710,2,6,1.2,1.5,1.8,1.3,0.4,1.5,1.9,6.94
Søren Rieks,NEC Nijmegen,32,"D(L),M(CLR),FW",28,2390,7,6,1.4,1.3,1.3,1.3,0.2,1.6,1.5,6.94
Marnix Kolder,Go Ahead Eagles,38,FW,26(5),2266,7,4,1.8,1.3,0.2,2.3,0.4,1.5,2.1,6.93
Jelle ten Rouwelaar,NAC Breda,38,GK,34,3060,-,-,-,-,-,0.1,-,-,-,6.93
Siem de Jong,Ajax,30,"AM(C),FW",16(3),1257,7,1,2.9,0.7,0.6,0.9,0.2,1.5,1.4,6.93
Toby Alderweireld,Ajax,30,D(CR),4,360,-,-,0.8,-,0.3,1.3,-,0.3,0.3,6.93
Marcel Ritzmaier,Cambuur,26,"D(L),M(CL)",29(2),2630,3,6,2.5,1.7,0.6,1.8,0.2,0.7,1.5,6.92
Joey van den Berg,SC Heerenveen,33,"D(C),M(C)",28(3),2395,4,3,1.1,0.8,0.4,1.5,0.1,0.8,1.5,6.92
Gianni Zuiverloon,ADO Den Haag,32,D(CR),25(1),2240,-,-,0.5,0.6,0.8,1.1,-,1.1,0.8,6.92
Ard van Peppen,Roda,34,D(L),31,2734,-,1,0.1,0.6,0.3,1.1,-,0.5,0.5,6.92
Lerin Duarte,Ajax,28,"D(L),M(CR)",6(8),655,3,-,1.4,0.6,1.4,0.9,-,0.8,1.1,6.92
Kenny van der Weg,NAC Breda,28,D(CL),20(2),1782,1,-,0.2,0.3,0.1,0.6,-,0.5,0.4,6.92
Jeroen Verhoeven,FC Utrecht,39,GK,4,360,-,-,-,-,-,0.5,-,-,-,6.92
Roland Alberg,ADO Den Haag,28,AM(CL),23(3),2111,7,3,2,1.2,0.5,1.8,-,1.8,1.4,6.91
Jan Wuytens,AZ Alkmaar,34,D(C),27(1),2386,-,1,0.5,0.1,0.4,0.3,0.1,0.2,0.2,6.91
Ben Rienstra,Heracles,29,"D(C),M(C)",32,2834,1,2,1.2,0.9,0.4,1,-,0.4,0.7,6.91
Jerson Cabral,ADO Den Haag,28,AM(LR),13(1),1067,-,-,2.1,1.6,1.6,2.2,0.4,1.1,1.9,6.91
Ricardo Kishna,Ajax,24,AM(LR),5(3),391,1,2,1.1,0.8,1.6,0.5,-,1.8,0.9,6.90
Hans Hateboer,FC Groningen,25,"D(R),M(R)",17(1),1523,1,3,0.4,0.4,0.4,0.6,-,0.4,0.5,6.89
Kristoffer Nordfeldt,SC Heerenveen,30,GK,35,3146,-,1,-,0.1,-,0.1,-,-,-,6.89
Jakob Jantscher,NEC Nijmegen,30,AM(CLR),22(4),1843,3,5,1.7,1.3,1.1,0.8,0.2,1.3,1.2,6.89
Lucas Bijker,Cambuur,26,D(CL),29,2491,-,-,0.3,0.5,0.7,1.3,-,0.5,0.4,6.89
Aurélien Joachim,RKC Waalwijk,32,"AM(L),FW",28(4),2485,6,3,2.2,1,0.9,2.2,0.4,2.3,2.4,6.89
Cuco Martina,Twente,29,D(CLR),10(6),1010,1,-,0.3,0.1,0.3,0.3,0.1,0.3,0.2,6.89
Bart Vriends,Go Ahead Eagles,28,D(C),32,2880,-,-,0.4,0.2,0.3,0.3,-,0.4,0.6,6.89
Bojan,Ajax,28,"AM(CLR),FW",17(7),1361,4,3,2.1,1,1.5,1.2,0.2,1.2,1.3,6.88
Wout Droste,Cambuur,30,D(CR),33,2970,1,1,0.2,0.6,0.2,0.9,0.1,0.5,0.7,6.88
Rajiv van La Parra,SC Heerenveen,28,"AM(LR),FW",19(13),1791,5,6,1.4,0.7,1.6,1.5,0.3,1.7,1.6,6.88
Erwin Mulder,Feyenoord,30,GK,32,2880,-,-,-,-,-,0.1,-,-,-,6.87
Darryl Lachman,PEC Zwolle,29,D(C),22(2),1971,-,1,0.3,0.3,1,0.9,-,0.4,0.2,6.87
Ryan Koolwijk,NEC Nijmegen,33,M(C),19(3),1543,1,5,0.5,1.6,0.4,1.5,-,1,1,6.87
Maikel van der Werff,PEC Zwolle,30,D(C),20(4),1844,1,1,1,0.2,-,0.9,-,0.2,0.2,6.87
Maarten Martens,AZ Alkmaar,34,AM(CL),12(5),1086,1,10,0.9,2.1,0.4,0.3,0.1,0.9,1.2,6.87
Kyle Ebecilio,Twente,25,DMC,33(1),2851,7,2,1.3,0.6,0.5,0.6,-,0.5,1.2,6.87
Mike van der Hoorn,Ajax,26,D(C),2(1),167,-,-,-,-,-,0.3,-,-,-,6.86
Gévero Markiet,FC Utrecht,28,D(CR),18(2),1661,1,-,0.5,0.3,0.3,0.3,-,0.4,0.7,6.86
Steve De Ridder,FC Utrecht,32,FW,31(1),2591,10,6,2.2,1,1.1,2.6,1,2.4,2.4,6.86
Tommy Oar,FC Utrecht,27,AM(CL),30(1),2510,1,5,0.9,1.4,1.6,1.3,0.1,1.3,1,6.86
Danny Bakker,ADO Den Haag,24,"D(C),DMC",19(4),1671,3,-,0.7,0.7,0.6,0.7,-,1,0.3,6.86
Arjan van Dijk,RKC Waalwijk,32,GK,11(1),1035,-,-,-,0.1,-,0.1,-,-,0.1,6.86
Youness Mokhtar,Twente,27,AM(LR),14(11),1372,3,5,1.5,1.1,1.3,0.9,0.2,1,1.6,6.85
Rochdi Achenteh,Vitesse,31,"D(L),DMC",6(1),533,-,2,0.3,1.3,0.6,0.7,-,0.1,0.4,6.85
Remko Pasveer,Heracles,35,GK,33,2970,-,-,-,0.2,0.1,0.2,-,-,0.1,6.85
Dico Koppers,Twente,27,"D(L),M(L)",20(3),1814,-,1,0.5,0.6,0.5,0.7,-,0.3,0.6,6.84
Park Ji-Sung,PSV Eindhoven,38,M(CLR),21(2),1767,2,5,0.8,1,0.6,2,-,1.8,1.6,6.84
Dion Malone,ADO Den Haag,30,"D(R),DMC",32,2813,1,5,0.5,0.7,0.9,1,-,1.3,0.9,6.83
Elroy Pappot,FC Utrecht,26,FW,4,305,-,1,1.3,1,1.3,0.5,0.3,0.8,0.8,6.83
Elvis Manu,Cambuur,25,"AM(L),FW",15,1212,5,2,2.1,0.7,1.7,2.1,0.7,3,2.4,6.83
Mats Seuntjens,NAC Breda,27,"M(CLR),FW",19(8),1787,1,3,1.1,0.8,1.3,1.1,0.1,1.1,0.8,6.83
Christian Poulsen,Ajax,39,M(C),14(15),1524,1,3,0.4,0.3,0.2,0.3,-,0.2,0.1,6.83
Leonard Nienhuis,Cambuur,29,GK,31,2774,-,-,-,0.1,-,0.1,-,-,-,6.83
Henk Dijkhuizen,Roda,27,D(R),22,1888,2,2,0.3,0.6,0.5,1.2,-,0.6,0.7,6.82
Kolbeinn Sigthorsson,Ajax,29,FW,20(10),1932,10,2,2,0.9,0.7,0.8,0.5,1.7,1.8,6.82
Juan Agudelo,FC Utrecht,26,"AM(CLR),FW",8(6),884,3,3,2.1,0.9,0.8,1.2,0.3,1.9,2.8,6.82
Lorenzo Burnet,FC Groningen,28,D(L),19(5),1741,1,1,0.2,0.6,0.9,0.7,-,1,1.1,6.82
Nick Marsman,Twente,28,GK,34,3060,-,-,-,0.1,0.1,-,-,-,0.1,6.82
Sjoerd Overgoor,Go Ahead Eagles,30,DMC,34,2759,-,3,0.6,0.7,0.9,0.8,-,1,0.7,6.82
Boldizsár Bodor,NAC Breda,37,D(L),15(2),1366,-,1,0.1,0.3,0.5,0.6,-,0.1,0.6,6.81
Mustafa Saymak,PEC Zwolle,26,M(CLR),29(1),2359,6,6,1.8,1.2,0.3,1.3,0.3,1.6,1.2,6.81
Simon Cziommer,Heracles,38,M(C),16(9),1502,2,4,1,1.4,0.4,1.2,-,0.8,0.7,6.80
Oscar Hiljemark,PSV Eindhoven,27,AM(C),21(6),1899,2,1,0.6,0.7,0.7,1,-,0.8,0.9,6.80
Deniz Türüç,Go Ahead Eagles,26,M(CLR),31,2532,3,2,1.7,0.9,1.3,1.6,-,1.5,1.3,6.80
Michiel Kramer,ADO Den Haag,30,FW,15(11),1459,7,4,1.9,0.9,0.1,0.8,0.5,0.6,0.7,6.80
Jürgen Locadia,PSV Eindhoven,25,"AM(LR),FW",26(5),2306,13,5,2.2,1.1,0.3,1.5,0.6,1.9,2.1,6.80
Rasmus Bengtsson,Twente,33,D(C),27(1),2353,4,1,0.4,0.1,0.3,0.6,-,0.1,0.4,6.79
Jorrit Hendrix,PSV Eindhoven,24,"D(C),DMC",13(7),1194,-,2,0.2,0.6,1.1,0.8,-,0.5,0.5,6.79
Mikhail Rosheuvel,Heracles,28,"AM(CLR),FW",31(3),2642,4,5,1.6,1.3,1.8,0.9,0.4,1.4,2.3,6.79
Arnaud Sutchuin Djoum,Roda,30,DMC,19(3),1608,-,-,0.5,0.7,0.8,1.2,-,1,0.9,6.79
Rens van Eijden,NEC Nijmegen,31,D(C),29,2588,3,-,0.7,0.2,0.3,0.8,0.1,0.2,0.1,6.79
Mark van der Maarel,FC Utrecht,29,D(CLR),29,2579,-,1,0.3,0.6,0.2,0.9,-,0.2,0.9,6.79
Erik Falkenburg,Go Ahead Eagles,31,"AM(CL),FW",30(1),2628,9,2,2.1,0.6,0.5,1.8,0.2,1.7,1.8,6.79
Stefano Marzo,SC Heerenveen,28,"D(R),DMC",13(3),1238,-,1,0.1,0.6,0.1,0.3,-,0.2,0.3,6.78
Rydell Poepon,NAC Breda,31,FW,28(1),2295,9,2,2,1,0.3,2.2,1,1.6,2.6,6.78
Miquel Nelom,Feyenoord,28,D(L),12(6),1174,2,3,0.6,0.8,0.3,0.4,0.1,0.6,0.6,6.78
Jacob Mulenga,FC Utrecht,35,FW,10(6),966,5,1,2.7,0.7,0.4,1.1,1.1,1.2,1.7,6.78
Mike te Wierik,Heracles,27,D(CR),27(1),2449,2,-,0.3,1,0.2,0.6,-,0.1,0.4,6.78
Filip Kurto,Roda,28,GK,34,3060,-,-,-,-,-,0.1,-,-,-,6.78
Guyon Fernandez,PEC Zwolle,33,FW,15(9),1389,10,-,2,0.5,0.5,1.3,0.9,1.8,1,6.78
Kai Heerings,FC Utrecht,29,D(C),28,2463,1,1,0.3,0.2,0.3,0.4,-,0.1,0.4,6.77
Joost Broerse,PEC Zwolle,40,D(C),24(3),2054,2,-,0.5,0.3,-,0.6,-,0.1,0.2,6.77
Bart Schenkeveld,Heracles,27,D(CLR),29(2),2541,-,1,-,0.3,0.5,1,-,0.2,0.5,6.77
Harm Zeinstra,Cambuur,29,GK,3(1),286,-,-,-,-,-,-,-,-,-,6.77
Martijn Barto,Cambuur,34,"AM(C),FW",15(9),1350,8,2,2.3,0.4,0.3,1.1,0.5,1.3,1.4,6.76
Xander Houtkoop,Go Ahead Eagles,30,AM(L),30(3),2546,3,5,1.4,1.2,0.8,0.9,0.1,1.2,1.3,6.76
Mitchell te Vrede,Feyenoord,27,FW,5(9),517,4,-,2,0.3,0.1,0.3,0.6,0.9,0.9,6.76
Shadrach Eghan,Twente,24,AM(C),17(7),1244,5,2,1.7,0.8,0.8,1.7,0.1,1.2,1.3,6.75
Guus Hupperts,Roda,27,AM(LR),31(3),2661,9,6,1.5,1.1,1.3,1,0.6,1.1,1.7,6.75
Zakaria Labyad,Vitesse,26,"AM(CLR),FW",11(7),1058,3,-,2.2,1.1,1.2,0.9,0.1,1.3,1,6.75
Mark Uth,Heracles,27,"AM(CR),FW",26(2),2147,8,3,2.6,1,0.7,1,1,1.3,2.7,6.75
Leon de Kogel,FC Utrecht,27,FW,1,64,-,-,3,1,-,1,-,1,-,6.75
Johan Mårtensson,FC Utrecht,30,DMC,14(2),1175,1,-,0.5,0.1,0.3,1.1,0.1,0.6,0.4,6.75
Piet Velthuizen,Vitesse,32,GK,36,3240,-,-,-,0.1,-,0.1,-,-,-,6.74
Michael Lamey,RKC Waalwijk,39,D(R),11(4),990,1,-,0.5,0.2,0.5,0.6,0.1,0.5,0.8,6.74
Vito Wormgoor,ADO Den Haag,30,D(C),22(3),1961,-,-,0.6,0.2,0.1,1.3,-,0.3,0.3,6.74
Johann Gudmundsson,AZ Alkmaar,28,AM(CLR),22(13),2086,3,1,1.7,1.6,0.5,0.7,0.2,0.9,0.9,6.74
Alireza Jahanbakhsh,NEC Nijmegen,25,AM(CLR),11(16),1289,5,4,1.6,0.9,0.9,1.3,0.4,1,1.8,6.74
Giliano Wijnaldum,FC Groningen,26,D(CL),23(4),2157,1,-,0.2,0.7,1,1.3,0.1,1.4,1,6.74
Guy Ramos,Roda,33,D(C),9(2),792,-,-,0.9,-,0.1,0.4,-,-,0.3,6.74
Lasse Nielsen,NEC Nijmegen,31,D(C),12(1),1053,1,-,0.2,0.1,0.1,0.5,-,0.1,0.1,6.73
Kees Luijckx,Roda,33,D(C),26(2),2327,2,-,0.6,0.1,0.1,0.3,-,0.2,0.3,6.73
Eloy Room,Go Ahead Eagles,30,GK,20,1800,-,-,-,-,-,0.1,-,-,0.1,6.73
Wout Brama,Twente,32,DMC,2(3),209,1,-,1,0.4,0.2,0.6,-,0.2,0.2,6.73
Adam Maher,PSV Eindhoven,25,M(CR),20(6),1757,3,1,1.7,1.2,0.7,1.3,0.1,1.7,1.5,6.73
Samuel Armenteros,Feyenoord,29,"AM(R),FW",11(8),952,1,2,1.1,0.9,1.4,0.9,0.3,1.7,1.3,6.72
Jesper Drost,PEC Zwolle,26,AM(CLR),23(1),1946,3,5,1.2,1.2,0.7,1.3,0.1,1.5,1.7,6.72
Mike van Duinen,ADO Den Haag,27,"AM(LR),FW",33,2937,8,2,2.1,0.6,1.1,1.5,0.7,2.1,2.8,6.72
Jeffrey Sarpong,NAC Breda,30,AM(CLR),25(5),2303,2,4,1.6,0.8,1.1,1.8,0.2,1.6,2.1,6.71
Marnick Vermijl,NEC Nijmegen,27,"D(R),M(R)",28,2417,3,1,0.6,0.4,0.5,0.8,-,0.4,0.9,6.71
Xandro Schenk,Go Ahead Eagles,26,D(CL),29(1),2508,3,1,0.3,0.4,0.1,0.3,-,0.2,0.5,6.70
Bartholomew Ogbeche,Cambuur,34,"AM(LR),FW",5(5),486,2,1,1.2,0.4,0.5,1,0.4,1.2,1.2,6.70
Rochdi Achenteh,PEC Zwolle,31,"D(L),DMC",17,1472,1,-,0.7,1.1,0.8,1.1,0.1,0.7,1,6.70
Bart van Hintum,PEC Zwolle,32,D(L),20(8),1926,-,1,0.6,0.6,0.4,0.9,-,0.3,0.4,6.70
Michael de Leeuw,FC Groningen,32,"AM(CLR),FW",13(15),1389,9,5,1.4,0.8,0.1,0.8,0.2,0.4,0.6,6.69
Sepp De Roover,NAC Breda,34,D(R),28,2487,-,-,0.4,0.5,0.3,0.6,-,0.3,0.8,6.69
Victor Pálsson,NEC Nijmegen,28,"D(C),DMC",20(3),1884,2,2,0.9,0.6,0.4,0.4,-,0.4,0.7,6.68
Ridgeciano Haps,AZ Alkmaar,26,D(L),1(1),111,-,-,1.5,-,1,1.5,-,-,-,6.68
Iliass Bel Hassani,Heracles,26,AM(CLR),18(9),1671,2,5,1.9,1.4,1.1,0.8,0.2,0.7,1.4,6.68
Maikel Kieftenbeld,FC Groningen,29,DMC,30(1),2567,-,2,0.5,0.5,0.3,0.6,-,1,0.9,6.67
Mathias Gehrt,ADO Den Haag,27,AM(CR),20(3),1677,5,3,1.3,0.9,0.5,1.8,-,1.4,1.2,6.67
Daley Sinkgraven,SC Heerenveen,23,"D(L),M(CL)",7(10),636,-,4,0.6,1.1,0.9,0.6,0.1,1.3,1.1,6.67
Berry Powel,Roda,39,FW,6(1),542,1,2,1.9,0.9,0.3,1,0.4,1.3,3.1,6.67
Valeri Qazaishvili,Vitesse,26,"AM(CLR),FW",11(16),1227,4,2,2,0.8,1.1,0.6,0.1,2.1,0.9,6.66
Mitchell Donald,Roda,30,M(C),30,2542,6,3,1.6,1.2,0.5,1.1,0.2,1.3,2,6.66
Jens Jurn Streutker,Heracles,26,D(C),7(4),605,1,-,0.5,0.2,-,0.5,-,0.3,0.4,6.66
Christoph Hemlein,NEC Nijmegen,28,AM(R),18(11),1633,4,3,1.8,0.8,0.5,2.3,0.9,0.9,1.3,6.66
Robbert Schilder,Twente,33,"D(L),DMC",14(2),1168,-,1,0.3,0.6,0.3,0.5,-,0.3,0.5,6.66
Ryan Thomas,PEC Zwolle,24,AM(CL),17(2),1401,1,-,0.7,0.5,1.3,1.9,0.1,1.4,1.8,6.65
Peter van Ooijen,PSV Eindhoven,27,AM(CR),0(1),71,-,-,-,-,4,-,-,2,1,6.65
Leon ter Wielen,PEC Zwolle,30,Goalkeeper,1(2),191,-,-,-,-,-,-,-,-,-,6.65
Mitchell Dijks,SC Heerenveen,26,"D(L),M(L)",21(3),1730,-,1,0.4,0.5,0.9,0.5,-,0.8,0.7,6.65
Timothy Derijck,FC Utrecht,32,"D(C),DMC",14(2),1293,-,-,0.3,0.1,-,0.9,0.1,0.2,0.1,6.65
Krisztián Németh,Roda,30,"AM(LR),FW",22(2),1750,8,6,1.9,0.8,0.4,1.4,0.9,1.4,1.8,6.64
Karl-Johan Johnsson,NEC Nijmegen,29,GK,28(1),2528,-,-,-,-,-,0.1,-,-,0.1,6.64
Frank van der Struijk,Vitesse,34,D(R),12(3),1034,-,1,0.3,0.8,0.1,0.6,0.1,0.3,0.7,6.64
Anouar Hadouir,NAC Breda,36,AM(C),12(5),1013,2,1,1,1.5,0.6,1.8,0.2,0.6,0.7,6.63
Jairo Riedewald,Ajax,22,"D(CL),DMC",3(2),223,2,-,0.4,0.4,0.2,-,-,0.2,-,6.63
Krisztian Adorjan,FC Groningen,26,AM(CR),13(6),993,3,1,1.2,0.6,0.4,1,-,1.5,1.2,6.63
Ridgeciano Haps,Go Ahead Eagles,26,D(L),4(6),448,-,-,0.1,0.1,0.1,0.8,-,0.4,0.3,6.62
Abel Tamata,PSV Eindhoven,28,D(L),5(3),502,-,-,0.1,0.4,0.6,0.5,-,0.4,0.6,6.62
Bob Schepers,Cambuur,27,Forward,2(4),230,1,-,1,1,0.8,0.3,-,0.3,1.8,6.62
Lesly de Sa,Ajax,26,AM(LR),5(7),513,1,1,0.9,0.9,0.7,1.5,0.1,0.7,0.8,6.62
Christian Dorda,FC Utrecht,30,D(L),7(2),642,-,-,0.7,0.4,0.1,0.8,-,0.9,0.8,6.61
Alex Schalk,NAC Breda,26,"AM(L),FW",2(3),224,1,1,1.4,0.2,0.6,1.2,0.4,1,1.2,6.61
Rasmus Lindgren,FC Groningen,34,"D(C),DMC",18(7),1651,-,-,0.4,0.2,0.1,0.8,-,0.4,0.3,6.61
Giovanni Hiwat,PEC Zwolle,25,AM(R),11(4),1004,1,2,1.4,0.7,0.9,1.1,0.1,1.5,0.9,6.61
Richairo Zivkovic,FC Groningen,22,"AM(R),FW",16(17),1686,11,-,1.8,0.4,0.3,0.8,0.4,1.1,1.5,6.61
Jeffrey Leiwakabessy,NEC Nijmegen,38,D(L),17(3),1550,-,1,0.2,0.6,0.2,1.5,-,0.3,0.4,6.61
Elson Hooi,NAC Breda,27,AM(LR),13(9),1229,3,2,0.9,1,1,1.4,0.3,1,1.9,6.61
Oussama Tannane,Heracles,25,"AM(LR),FW",9(14),959,4,1,2,0.8,0.9,1.6,0.1,1.2,1.4,6.61
Zakaria Bakkali,PSV Eindhoven,23,AM(LR),7(9),679,3,-,1.2,0.8,1.5,1.5,0.1,1.8,1.1,6.61
Damiano Schet,RKC Waalwijk,29,AM(LR),20(5),1715,3,4,1.6,0.6,1.1,0.8,0.4,1.5,1.6,6.60
Geoffrey Castillion,NEC Nijmegen,28,Forward,4(3),387,2,-,2.4,0.3,0.6,0.9,0.4,1.1,2.1,6.59
Giorgi Chanturia,Vitesse,26,AM(R),3(5),243,1,-,1,0.3,1.3,1.9,-,1.6,0.6,6.59
Joshua John,Twente,30,AM(L),1(3),136,-,-,0.8,0.8,1.3,0.8,-,0.5,0.3,6.59
Marcus Pedersen,Vitesse,29,FW,1(1),97,1,-,0.5,-,-,-,0.5,0.5,3.5,6.59
Danny Verbeek,NAC Breda,28,AM(LR),21(7),1502,5,1,0.8,0.6,0.8,0.6,-,1.4,0.9,6.59
Kenneth Vermeer,Ajax,33,GK,10,856,-,-,-,-,-,0.2,-,0.1,0.2,6.59
Bertrand Traoré,Vitesse,23,"AM(R),FW",7(8),671,3,-,2.2,1,0.9,0.7,0.4,1.1,1.7,6.58
Torgeir Børven,Twente,27,FW,3(9),475,3,1,2.2,0.3,0.1,0.3,0.3,0.3,1.1,6.58
Francisco Júnior,Vitesse,27,M(C),0(2),54,-,1,0.5,0.5,1,1.5,-,0.5,-,6.58
Robert Braber,RKC Waalwijk,36,AM(C),22(6),2066,3,1,1.1,0.5,0.3,1.7,0.3,1.1,0.8,6.58
Sean Klaiber,FC Utrecht,24,"D(R),M(CR)",1(1),75,-,-,-,-,0.5,-,-,0.5,0.5,6.58
Ingo van Weert,RKC Waalwijk,25,D(C),10(1),878,-,1,0.3,0.3,-,0.2,-,0.1,0.3,6.57
Tim Matavz,PSV Eindhoven,30,FW,7(8),675,2,3,1.2,0.8,0.2,0.3,1,0.7,0.5,6.57
Bart van Brakel,Cambuur,32,M(C),6(2),502,-,1,1,1.1,0.8,0.6,0.1,1,1.5,6.57
Dario Vujicevic,Heracles,29,DMC,1(1),91,-,-,1,1.5,1.5,1.5,-,1,0.5,6.57
Ricky van Haaren,ADO Den Haag,28,M(C),17(10),1575,1,2,1.2,0.8,0.6,0.4,-,0.9,0.6,6.56
Tim Gilissen,NAC Breda,37,M(C),12(4),1045,-,-,0.1,0.3,0.1,0.4,-,0.5,0.3,6.56
Danny Hoesen,Ajax,28,"AM(LR),FW",4(10),451,2,1,1.4,1.1,0.4,0.5,0.4,1.5,1.4,6.56
Mitchell Schet,ADO Den Haag,31,AM(R),16(7),1438,2,1,0.7,0.7,0.7,1,0.3,1.6,1.5,6.56
Luciano Slagveer,SC Heerenveen,25,"AM(R),FW",18(9),1347,3,1,1,0.6,0.7,0.7,0.2,1.4,1.3,6.56
Navarone Foor,NEC Nijmegen,27,M(CLR),16(8),1509,2,1,0.8,1,0.8,1.3,0.2,0.7,1.1,6.56
Stephan Andersen,Go Ahead Eagles,37,GK,13,1170,-,-,0.1,-,-,0.1,-,-,0.1,6.55
Yoshiaki Takagi,FC Utrecht,26,Midfielder,3(8),499,-,3,0.3,0.8,0.7,1.5,-,0.4,0.9,6.54
Ola Toivonen,PSV Eindhoven,32,"AM(C),FW",7(7),749,1,2,1.4,0.7,0.4,0.7,0.2,0.7,0.4,6.54
Samuel Stefanik,NEC Nijmegen,27,M(C),14(3),1082,2,1,0.9,0.6,1.2,0.8,0.1,0.8,0.8,6.53
Fred Benson,PEC Zwolle,35,FW,20(9),1890,7,1,2.1,0.4,0.4,1.1,0.8,1.2,1.3,6.53
Tobias Sana,Ajax,29,AM(R),2(2),223,-,-,1.3,1,0.8,0.5,0.3,0.5,0.8,6.53
Peter Jungschläger,RKC Waalwijk,35,DMC,13(8),1243,-,2,0.7,0.7,0.4,0.4,-,0.5,0.6,6.52
Gino Coutinho,ADO Den Haag,36,GK,28,2352,-,-,-,-,0.1,0.1,-,0.1,-,6.52
Robert van Boxel,Cambuur,36,Defender,2(5),192,-,-,0.1,0.3,-,0.4,-,0.1,0.1,6.52
Dario Tanda,Twente,24,Midfielder,1(1),70,-,-,-,0.5,1,0.5,-,1,-,6.52
Michiel Hemmen,Cambuur,32,FW,14(12),1543,7,1,1.4,0.5,0.5,0.8,0.7,1.7,1.7,6.50
Markus Henriksen,AZ Alkmaar,26,M(C),18(12),1743,2,1,0.8,0.4,0.3,0.8,-,0.4,0.5,6.49
Dennis Telgenkamp,Heracles,32,GK,1,90,-,-,-,-,-,-,-,-,-,6.49
Jonathan Reis,Vitesse,30,Forward,1(3),125,1,1,1.3,1.5,-,-,0.3,0.3,1,6.49
Yanic Wildschut,SC Heerenveen,27,"M(LR),FW",4(14),579,2,1,1.2,0.4,1,0.3,0.1,0.9,0.8,6.49
Ramon Zomer,SC Heerenveen,36,D(C),3(4),313,-,-,0.4,-,-,-,-,0.1,0.1,6.49
Cedric Badjeck,FC Utrecht,24,Forward,1(1),98,1,-,1,-,-,-,1,1,1.5,6.49
Furdjel Narsingh,PEC Zwolle,31,"AM(LR),FW",2(9),335,2,1,0.9,0.4,0.9,0.1,0.1,0.5,0.5,6.48
Imad Najah,RKC Waalwijk,28,Defender,3(2),344,-,-,0.4,-,0.4,0.8,-,0.8,0.8,6.48
Gill Swerts,NAC Breda,36,"D(R),DMC",11(4),1001,-,-,0.3,0.4,0.3,0.7,0.1,0.5,0.7,6.48
Wiljan Pluim,Roda,30,DMC,19(4),1558,2,-,1,0.4,0.6,1.4,-,1.3,1.3,6.48
Marcel Stutter,NEC Nijmegen,31,Midfielder,3(7),359,-,1,0.8,0.2,0.2,0.8,0.2,0.1,0.1,6.47
Kwame Quansah,Heracles,36,M(C),20(5),1751,-,1,0.2,0.3,0.1,1,-,0.7,0.4,6.47
Mawouna Kodjo Amevor,Go Ahead Eagles,27,D(R),11(11),1076,1,2,0.2,0.4,0.6,0.3,-,0.6,0.4,6.47
Giovanni Gravenbeek,PEC Zwolle,31,D(R),12(9),1163,1,-,0.2,0.8,0.4,0.5,-,0.7,0.2,6.47
Zanka,PSV Eindhoven,29,D(C),3(6),377,-,-,0.3,-,-,0.4,-,0.2,-,6.47
Elvis Manu,Feyenoord,25,"AM(L),FW",0(1),21,-,-,1,-,2,-,-,-,-,6.47
Jesús Manuel Corona,Twente,26,"M(CLR),FW",2(1),118,-,-,0.7,0.7,1.3,0.3,0.3,0.7,3,6.47
Anthony Lurling,SC Heerenveen,42,AM(C),3(2),245,-,-,0.8,1,0.2,0.8,0.2,0.6,0.6,6.46
Edouard Duplan,FC Utrecht,36,AM(CLR),4(1),381,-,-,1,0.2,0.4,2.8,0.4,1.4,1.4,6.46
Dennis Gentenaar,NEC Nijmegen,43,GK,6,532,-,-,-,-,-,-,-,-,-,6.46
Marlon Pereira,Cambuur,32,D(LR),6(5),654,-,-,0.3,0.4,0.1,0.4,-,0.7,0.5,6.46
Mart Dijkstra,Cambuur,28,"D(C),DMC",5(9),576,1,-,0.8,-,0.1,0.2,0.1,0.3,0.4,6.46
Tim Breukers,Twente,31,D(LR),2(3),240,-,-,-,-,-,0.2,-,-,0.4,6.46
Marc Höcher,Roda,34,AM(L),9(20),1235,2,5,0.7,0.9,0.2,0.5,-,0.5,0.6,6.46
Yoëll van Nieff,FC Groningen,26,"D(CL),DMC",8(7),770,-,1,0.6,0.5,0.2,0.6,-,0.7,0.9,6.45
Sven van Beek,Feyenoord,24,D(C),4(5),436,-,-,0.1,0.3,0.1,0.1,-,0.3,0.3,6.45
Thanasis Karagounis,PEC Zwolle,27,AM(R),9(3),767,1,1,1.1,0.8,0.5,1.1,0.1,1.9,1.9,6.45
Davy De Beule,Roda,37,Midfielder,2(4),235,1,-,0.7,0.3,0.3,1,-,-,0.7,6.44
Stef Nijland,PEC Zwolle,30,"AM(CL),FW",9(14),974,2,1,1.1,0.8,0.2,0.7,0.1,0.4,0.5,6.44
Erik Bakker,Cambuur,29,DMC,24(4),2021,2,1,0.9,0.9,0.4,0.6,0.1,0.6,1.1,6.44
Joeri de Kamps,SC Heerenveen,27,DMC,4(8),428,-,1,0.3,0.4,0.3,0.2,0.1,0.4,0.7,6.44
Christian Dorda,Heracles,30,D(L),4(3),430,-,-,0.3,0.4,0.1,1,-,0.4,0.9,6.44
Sekou Cissé,Feyenoord,34,Forward,1,63,-,-,-,-,1,1,1,1,-,6.44
Cedric van der Gun,FC Utrecht,40,FW,10(3),884,2,1,0.6,0.3,0.2,0.9,0.3,1,1.3,6.44
Tom Hiariej,FC Groningen,30,"D(R),DMC",15(4),1236,-,-,0.5,0.7,0.2,0.8,-,0.7,0.7,6.44
Robin Buwalda,ADO Den Haag,24,D(CR),0(1),2,-,-,-,-,-,-,-,-,-,6.43
David Texeira,FC Groningen,28,FW,3(3),230,1,-,1,0.3,-,1,0.3,0.2,-,6.42
Adam Sarota,FC Utrecht,30,AM(CR),13(2),1012,-,-,0.5,0.3,0.2,0.6,-,0.5,1.1,6.42
Milano Koenders,Heracles,32,D(CR),14(1),1186,-,-,0.3,0.2,0.6,0.2,-,0.2,0.1,6.42
Mitch Apau,RKC Waalwijk,29,D(R),23(6),2124,-,-,0.1,0.4,0.7,1.2,-,0.6,0.6,6.41
Andraz Kirm,FC Groningen,34,AM(LR),15(10),1244,2,1,1,0.4,0.6,0.8,0.4,1.2,1.2,6.41
Kenny Teijsse,FC Utrecht,26,Defender,0(1),21,-,-,-,-,1,1,-,-,-,6.41
Wesley Hoedt,AZ Alkmaar,25,D(C),0(2),52,-,-,-,-,-,-,-,-,-,6.41
Jean-David Beauguel,RKC Waalwijk,27,FW,10(18),1074,4,2,0.8,0.5,0.4,0.8,0.4,1.1,1.3,6.41
Brian Vandenbussche,SC Heerenveen,37,Goalkeeper,1(1),94,-,-,-,-,-,-,-,-,-,6.41
Género Zeefuik,FC Groningen,29,Forward,4(11),443,3,1,1,0.7,0.3,0.7,0.5,1,1.1,6.40
Mart Lieder,RKC Waalwijk,29,FW,0(1),17,-,-,1,-,1,-,-,1,-,6.40
Pavel Cmovs,NEC Nijmegen,29,Defender,6(2),584,-,-,0.4,0.1,-,0.4,-,0.3,0.3,6.40
Sven Kums,SC Heerenveen,31,DMC,1(3),116,-,-,1.3,-,-,0.5,-,0.3,-,6.40
William Troost-Ekong,FC Groningen,25,D(C),1(1),47,-,-,-,-,0.5,-,-,-,-,6.39
Luciano Narsingh,PSV Eindhoven,28,AM(LR),8(12),761,-,1,0.6,0.9,1.1,0.5,0.4,1.2,1.3,6.38
Paco van Moorsel,Cambuur,29,AM(C),14(9),1193,1,1,1,0.8,0.1,1,-,1.1,0.7,6.38
Anthony Lurling,NAC Breda,42,AM(C),14(3),1305,1,2,1.3,0.8,0.6,1.5,0.3,1.3,1.2,6.38
Leon van Dijk,Heracles,27,Defender,3,110,-,-,-,-,-,-,-,0.3,0.3,6.38
Hans Mulder,NEC Nijmegen,32,M(C),5(4),530,-,-,0.3,0.7,-,1.1,-,0.4,0.7,6.38
Kenny Anderson,RKC Waalwijk,27,M(C),17(8),1483,4,3,1,0.6,0.2,0.3,0.2,0.7,0.7,6.37
Mark Diemers,FC Utrecht,25,M(CL),6(8),724,-,1,0.4,0.3,0.4,1.3,-,0.8,0.8,6.37
Frank Demouge,Roda,37,Forward,2(17),618,2,2,0.9,0.5,-,0.9,0.3,0.3,1.1,6.37
Donny Gorter,AZ Alkmaar,31,"D(L),DMC",3(8),421,-,-,0.5,0.4,0.5,0.7,-,0.5,0.4,6.36
Michel Breuer,NEC Nijmegen,39,D(C),7(1),615,-,-,0.4,0.3,0.1,0.3,0.1,0.1,0.5,6.36
Steven Pereira,PEC Zwolle,25,Defender,0(1),17,-,-,-,-,-,-,-,-,-,6.36
Danzell Gravenberch,NEC Nijmegen,25,Defender,2(4),287,-,-,1.2,0.3,0.5,1,-,1,1.2,6.36
Joey Suk,NAC Breda,29,DMC,7(10),671,2,-,0.6,0.1,0.2,0.5,-,1,1.3,6.35
Stipe Perica,NAC Breda,23,FW,5(20),820,6,1,1.2,0.3,0.4,0.8,0.7,1,1.1,6.34
Christian Supusepa,ADO Den Haag,30,Defender,2(8),277,-,-,0.2,-,-,0.1,-,0.1,0.1,6.34
Peter Gommeren,NAC Breda,27,Midfielder,0(1),29,-,-,-,-,-,-,-,-,-,6.34
Willie Overtoom,AZ Alkmaar,32,Midfielder,0(8),264,-,-,1.4,0.8,0.3,0.9,-,0.4,0.9,6.34
Florian Jozefzoon,PSV Eindhoven,28,AM(LR),3(13),486,2,1,0.7,0.5,0.4,0.4,0.1,0.5,1.1,6.34
Kevin Brands,Cambuur,31,AM(C),3(8),434,-,-,1,0.2,0.6,0.5,0.4,1,1.3,6.33
John Goossens,Feyenoord,30,AM(CLR),5(15),571,1,-,1.4,0.5,0.2,0.4,0.3,0.4,0.5,6.33
Lucas Andersen,Ajax,24,AM(CLR),4(5),406,-,-,0.2,1.3,0.3,0.9,-,0.7,2,6.33
Adnane Tighadouini,NAC Breda,26,"AM(L),FW",3(6),350,1,-,0.6,0.3,0.7,0.4,0.1,1.1,1.3,6.33
Martijn Monteyne,Roda,34,Defender,4(4),438,-,-,0.1,-,-,0.4,-,0.4,0.1,6.32
Yanic Wildschut,ADO Den Haag,27,"M(LR),FW",1(6),266,-,-,0.9,0.3,1.4,-,0.3,2.1,0.7,6.32
Anco Jansen,Roda,30,"AM(L),FW",2,113,-,-,0.5,1,-,0.5,-,0.5,0.5,6.32
Mickaël Tavares,RKC Waalwijk,36,DMC,5(2),445,-,-,0.1,0.1,0.3,0.7,-,1,0.3,6.32
Mimoun Eloisghiri,PEC Zwolle,29,Forward,0(2),61,-,-,-,-,1,1,-,0.5,1.5,6.32
Mitchel Paulissen,Roda,26,"AM(CL),FW",9(6),785,1,-,0.7,0.3,0.6,0.4,0.2,0.9,1.2,6.32
Aleksandar Bjelica,FC Utrecht,25,Defender,0(4),62,-,-,-,-,0.3,-,-,-,0.3,6.32
Matthew Amoah,Heracles,38,Forward,4(12),614,2,-,1.4,0.4,0.2,0.4,0.2,0.3,1.3,6.31
Ninos Gouriye,ADO Den Haag,28,AM(LR),10(5),814,1,1,1.5,0.7,0.9,1.1,0.1,1.7,1.8,6.31
Willem Janssen,Twente,32,"D(C),M(C)",1(1),72,-,-,1.5,0.5,0.5,-,-,1,0.5,6.31
Jeffrey Rijsdijk,Go Ahead Eagles,31,M(C),11(16),1176,1,4,0.6,0.6,0.1,0.8,-,1.3,0.9,6.31
Thomas Bruns,Heracles,27,AM(CL),16(15),1449,1,-,1,0.7,0.3,1.4,0.1,0.8,0.7,6.30
Lars Lambooij,Go Ahead Eagles,31,"D(R),DMC",4(19),681,-,1,0.2,0.4,0.1,0.5,-,0.4,0.4,6.29
Samir Fazli,SC Heerenveen,28,Forward,1(6),236,-,-,1.4,0.6,0.3,0.6,-,0.7,0.4,6.29
Fernando Lewis,AZ Alkmaar,26,"D(CR),M(L)",0(5),65,-,-,0.8,-,-,0.2,-,-,0.6,6.29
Gaël Kakuta,Vitesse,28,M(CLR),0(12),182,1,-,0.8,0.6,0.6,0.2,-,0.6,0.9,6.28
Gyliano van Velzen,FC Utrecht,25,AM(L),2(3),197,-,-,0.4,-,0.2,0.8,0.2,1.6,0.4,6.28
Kevin Jansen,ADO Den Haag,27,AM(C),3,207,-,-,1.3,-,-,0.3,-,0.3,1.3,6.28
Fernando Quesada,FC Utrecht,25,Midfielder,1(2),107,-,-,0.7,1,-,0.3,-,1,0.7,6.27
Oebele Schokker,Cambuur,34,Forward,4(3),306,-,1,0.3,1.3,0.1,0.4,0.1,1.1,0.9,6.26
Nils Röseler,Twente,27,D(C),0(2),9,-,-,0.5,-,-,-,-,-,-,6.25
Denzel Slager,RKC Waalwijk,26,Midfielder,1(8),168,1,-,0.2,0.4,0.4,-,-,0.2,0.6,6.24
Peter Wisgerhof,Twente,39,D(L),0(1),2,-,-,-,1,-,-,-,-,-,6.22
Tobias Haitz,NEC Nijmegen,27,D(C),9(1),778,-,-,0.2,0.1,-,0.7,-,0.3,0.1,6.22
Vasil Shkurtaj,Roda,27,Forward,3(5),239,1,1,0.3,0.5,-,-,-,0.8,0.9,6.22
Denis Mahmudov,PEC Zwolle,29,AM(L),3(4),302,1,-,0.7,0.1,-,0.4,0.4,0.7,0.3,6.21
Boris Rasevic,PEC Zwolle,24,Midfielder,0(2),27,-,-,1,0.5,-,-,-,0.5,-,6.21
Thijs van Hofwegen,FC Utrecht,26,Midfielder,0(2),19,-,-,-,-,1,0.5,-,0.5,0.5,6.21
Joeri Schroijen,Go Ahead Eagles,28,Defender,2(2),201,-,-,0.5,-,1,-,-,0.3,0.8,6.21
Joey Godee,Go Ahead Eagles,30,Forward,7(20),941,-,-,0.5,0.3,0.3,0.7,0.1,1,0.9,6.21
Timo Letschert,FC Groningen,26,D(CLR),7(2),576,-,-,-,0.3,0.3,0.9,0.1,0.6,0.4,6.21
Jonas Ivens,RKC Waalwijk,34,D(C),5(5),516,-,1,0.2,0.1,-,0.2,-,-,-,6.20
Oliver Feldballe,Cambuur,29,AM(L),7(9),510,-,1,0.2,0.5,0.3,0.8,0.1,1.1,0.4,6.19
Otman Bakkal,Feyenoord,34,Midfielder,0(8),100,-,1,0.1,0.1,-,0.1,0.1,0.1,0.3,6.18
Jordy Tutuarima,NEC Nijmegen,26,"D(L),DMC",0(2),27,-,-,-,0.5,0.5,-,-,-,-,6.17
Luka Djordjevic,Twente,24,FW,1(13),220,-,1,0.9,0.4,0.1,0.2,-,0.4,0.4,6.17
Frank van Mosselveld,RKC Waalwijk,35,D(C),7(6),717,-,-,0.2,0.1,-,0.4,0.1,0.1,0.1,6.16
Leroy Labylle,PEC Zwolle,28,D(L),1(6),181,-,-,0.4,0.4,0.4,0.3,-,0.4,0.3,6.15
Berry Powel,Heracles,39,FW,0(4),42,-,-,0.3,0.3,-,0.5,-,-,0.5,6.15
Catalin Tira,ADO Den Haag,25,Forward,0(1),16,-,-,-,-,-,-,-,-,-,6.15
Dragan Paljic,Heracles,36,Midfielder,1,90,-,-,-,1,-,1,-,1,2,6.15
Tim Hölscher,Twente,24,M(C),0(1),22,-,-,1,1,-,-,-,1,-,6.14
Wilfried Kanon,ADO Den Haag,25,D(CL),0(9),39,-,-,-,-,0.1,0.2,-,-,-,6.14
Denni Avdic,AZ Alkmaar,30,"AM(C),FW",3(10),437,-,-,0.6,0.2,0.2,0.7,0.7,0.9,0.9,6.14
Daan Bovenberg,NEC Nijmegen,30,D(R),3,270,-,-,-,-,-,0.3,-,0.7,0.7,6.13
Wesley Verhoek,Feyenoord,32,AM(LR),1(5),157,-,-,0.5,0.3,-,-,0.2,0.5,0.3,6.13
Roly Bonevacia,Roda,27,D(C),10(13),958,-,-,0.4,0.3,0.3,0.5,-,0.2,0.6,6.12
Paul Mulders,Cambuur,38,Midfielder,0(3),36,-,-,-,0.3,-,0.3,-,-,-,6.12
Patrick ter Mate,Go Ahead Eagles,27,Goalkeeper,1,90,-,-,-,-,-,-,-,-,-,6.12
Uche Nwofor,SC Heerenveen,27,Forward,0(3),51,-,-,-,0.7,0.3,0.3,0.3,0.7,-,6.12
Thomas Azevedo,Go Ahead Eagles,27,Midfielder,0(5),75,-,-,-,0.2,0.2,0.4,-,0.4,0.6,6.11
Martijn de Zwart,ADO Den Haag,28,Goalkeeper,0(3),169,-,-,-,-,-,-,-,-,-,6.11
Cihat Çelik,NEC Nijmegen,23,Midfielder,1,46,-,-,-,1,-,1,-,2,1,6.10
Bob Schepers,FC Utrecht,27,Forward,2(8),267,-,-,0.7,0.2,0.2,0.2,-,0.4,0.7,6.08
Bilal Ould-Chikh,Twente,21,Forward,0(1),21,-,-,-,-,-,-,-,-,-,6.07
Thom Haye,AZ Alkmaar,24,AM(CLR),0(3),100,-,-,-,-,0.3,1,-,0.7,0.7,6.07
Papito Merencia,ADO Den Haag,25,Midfielder,0(2),26,-,-,0.5,-,-,-,-,-,1,6.07
Malcolm Esajas,ADO Den Haag,32,Forward,0(2),33,-,-,-,-,-,0.5,-,0.5,0.5,6.06
Joey Belterman,Heracles,25,Midfielder,0(2),69,-,-,-,-,-,0.5,-,-,-,6.06
Joran Pot,Go Ahead Eagles,30,Midfielder,0(2),12,-,-,-,-,-,-,-,-,-,6.06
Uros Djurdjevic,Vitesse,25,FW,0(6),52,-,-,0.3,0.3,0.2,-,-,-,0.5,6.06
Jos Peltzer,RKC Waalwijk,27,Forward,0(3),12,-,-,-,-,-,-,-,0.3,0.3,6.04
Felitciano Zschusschen,Twente,27,Forward,0(1),4,-,-,-,-,-,-,-,-,-,6.04
Arjen Hagenauw,FC Groningen,24,Forward,0(1),1,-,-,-,-,-,-,-,-,-,6.00
Sam Hutchinson,Vitesse,29,"D(C),DMC",0(1),1,-,-,-,-,-,-,-,-,-,6.00
Danny Koevermans,FC Utrecht,40,Forward,0(3),28,-,-,-,-,-,-,0.3,-,0.3,6.00
Omar Kavak,Go Ahead Eagles,30,Forward,0(5),21,-,-,-,-,-,-,-,-,0.4,5.99
Edwin Gyasi,Heracles,28,"AM(R),FW",0(2),20,-,-,-,-,-,-,-,-,0.5,5.98
Ronald Graafland,Feyenoord,40,Goalkeeper,0(1),14,-,-,-,-,-,-,-,-,-,5.97
Angelo Cijntje,FC Groningen,38,Defender,0(1),6,-,-,-,-,-,-,-,-,-,5.96
Alexander Christovao,Cambuur,26,Forward,2(6),253,-,-,0.6,-,-,0.8,0.1,1,2.1,5.95
Aleksei Kangaskolkka,Heracles,30,Forward,1(3),85,-,-,-,0.5,-,0.3,-,0.3,0.5,5.94
Romano van der Stoep,FC Utrecht,24,Forward,0(2),24,-,-,-,-,-,-,-,-,-,5.94
Youssef Fennich,PEC Zwolle,26,Midfielder,0(1),6,-,-,-,-,-,-,-,-,1,5.92
Jaroslav Navrátil,Heracles,27,AM(LR),0(1),7,-,-,-,-,-,1,-,-,-,5.88
Youri Loen,NEC Nijmegen,28,Midfielder,2,156,-,-,2.5,-,0.5,0.5,-,0.5,2,5.87
Trent Sainsbury,PEC Zwolle,27,D(C),1,73,-,-,-,-,-,-,1,1,-,5.83
Seydina Diarra,NEC Nijmegen,25,Midfielder,2(2),181,-,-,-,0.3,-,0.3,-,0.8,0.8,5.76
Daan Disveld,NEC Nijmegen,25,Defender,1,90,-,-,-,-,-,-,-,-,-,5.57
Jordy van Deelen,Feyenoord,26,D(R),1,57,-,-,1,-,-,-,-,-,-,4.79
