Name,Team,Age,Position,Apps,Minutes,Total Goals,Total Assists,Yellow cards,Red cards,Shots per game,Pass success percentage,Aerials won per game,Man of the match,Rating
Josip Posavec,Palermo,23,GK,1,90,-,-,-,-,-,47.1,-,-,7.86
Paul Pogba,Juventus,26,M(C),33(2),3019,8,12,10,-,3.5,83.4,1.8,8,7.81
Diego Perotti,Roma,30,"M(CLR),FW",14(1),1205,3,7,2,-,1.7,84.8,0.5,3,7.80
Gonzalo Higuaín,Napoli,31,FW,35,2978,36,2,1,1,5.2,78.1,0.3,9,7.74
Paulo Dybala,Juventus,25,"AM(CR),FW",29(5),2465,19,9,1,-,3.1,84.9,0.1,7,7.71
Francesco Bardi,Frosinone,27,GK,2,120,-,-,1,-,-,35,0.5,1,7.53
Franco Vázquez,Palermo,30,"AM(CR),FW",36,3186,8,7,11,-,2.9,77.2,1.7,5,7.51
Samir,Verona,24,D(CL),3,270,1,-,1,-,0.7,77.2,2.7,1,7.50
Miralem Pjanic,Roma,29,M(C),30(3),2654,10,12,10,1,2.1,84.9,0.7,3,7.46
Alex Sandro,Juventus,28,"D(L),M(L)",15(7),1490,2,3,5,1,0.8,84,1.5,3,7.45
Lucas Biglia,Lazio,33,DMC,26(1),2299,4,3,9,1,0.7,88.2,0.8,3,7.43
Giacomo Bonaventura,AC Milan,29,M(CLR),31(2),2841,6,8,8,-,3.2,82.2,0.6,7,7.39
Alejandro Gómez,Atalanta,31,"M(CL),FW",33(1),2825,7,7,4,1,2.5,79.5,0.2,5,7.36
Federico Viviani,Verona,27,DMC,17(2),1593,3,6,4,1,1.6,80.9,0.7,2,7.36
Alberto Pelagotti,Empoli,29,GK,6,540,-,-,-,-,-,66.9,0.2,2,7.35
Thiago Cionek,Palermo,33,D(CR),5,450,-,1,2,-,0.2,83.6,1.8,1,7.33
Cristian Ansaldi,Genoa,32,"D(CLR),DMC,M(LR)",23(1),2013,-,4,4,-,0.5,73.2,0.8,1,7.33
Francesco Acerbi,Sassuolo,31,D(C),36,3240,4,-,3,-,0.4,87.1,1.7,3,7.32
Mario Lemina,Juventus,25,DMC,7(3),727,2,-,4,-,0.5,89.8,0.7,-,7.32
Stephan El Shaarawy,Roma,26,"AM(CLR),FW",15(1),1202,8,2,-,-,2.9,80.8,0.6,2,7.32
Marek Hamsik,Napoli,31,AM(C),38,3245,6,11,-,-,2.2,86.6,0.7,2,7.31
Claudio Marchisio,Juventus,33,M(C),23,1931,-,2,8,-,1.1,88.5,0.4,2,7.30
Stefan de Vrij,Lazio,27,D(C),2,180,-,-,-,-,-,90.4,3,-,7.30
Juan Cuadrado,Juventus,31,"D(R),M(CLR),FW",16(12),1710,4,5,2,-,1.3,86.4,0.4,4,7.29
Gervinho,Roma,32,"M(LR),FW",13(1),1089,6,1,-,-,1.9,85.9,-,3,7.28
Tomás Rincón,Genoa,31,M(CR),33,2931,3,6,9,-,0.8,85.3,1.2,1,7.27
Lorenzo Insigne,Napoli,28,"AM(CL),FW",34(3),2626,12,10,2,-,3.6,80.5,0.1,5,7.25
Diego Perotti,Genoa,30,"M(CLR),FW",14(2),1087,1,2,1,2,0.9,82.1,0.4,-,7.23
Maurizio Pugliesi,Empoli,42,Goalkeeper,1,90,-,-,-,-,-,52.2,1,-,7.23
Andrea Costa,Empoli,33,D(CL),23(1),2080,1,-,4,-,0.3,87,2.9,1,7.22
Piotr Zielinski,Empoli,25,AM(CL),35,3035,5,4,5,1,1.8,82.5,0.5,4,7.22
Fernando,Sampdoria,27,M(C),34(1),2986,4,2,14,-,1.4,85.6,0.5,3,7.22
Luca Antonelli,AC Milan,32,"D(L),M(CL)",25(3),2334,3,1,2,-,0.7,79.3,1,2,7.22
Jorginho,Napoli,27,DMC,32(3),2913,-,4,10,1,0.2,90.9,0.6,1,7.22
Bruno Peres,Torino,29,"D(LR),M(LR)",30(1),2596,3,4,9,-,1.3,82.4,0.3,4,7.21
Allan,Napoli,28,DMC,32(3),2824,3,5,5,-,0.8,86.3,0.5,-,7.21
Mohamed Salah,Roma,27,"AM(CLR),FW",32(2),2739,14,6,1,1,2.1,82.9,0.2,4,7.20
Mario Mandzukic,Juventus,33,"M(L),FW",24(3),2050,10,4,5,-,1.4,70.6,2.4,4,7.20
Kalidou Koulibaly,Napoli,28,D(C),32(1),2888,-,-,11,-,0.2,85.9,2.5,3,7.19
Ignazio Abate,AC Milan,32,"D(R),M(R)",27,2254,1,1,7,-,0.1,78.1,0.6,3,7.19
Francesco Magnanelli,Sassuolo,34,DMC,34,3060,1,1,8,-,0.5,82.5,1.5,1,7.18
Christian Abbiati,AC Milan,41,GK,0(1),71,-,-,-,-,-,47.6,-,-,7.18
Armando Izzo,Genoa,27,D(C),30(3),2659,-,1,6,2,0.5,81.6,1.8,2,7.18
Alex,AC Milan,37,D(C),24(1),2094,3,1,5,-,0.9,87.9,3,-,7.18
Leonardo Pavoletti,Genoa,30,FW,22(3),1917,14,3,3,1,2.7,69.6,4.6,3,7.17
Sime Vrsaljko,Sassuolo,27,"D(LR),M(R)",35,3062,-,4,8,1,0.3,78.7,2.1,4,7.17
Alessandro Florenzi,Roma,28,"D(R),M(CLR)",31(2),2728,7,3,4,-,1.4,78.9,0.7,3,7.16
Sergio Floccari,Sassuolo,37,FW,5(2),439,4,-,1,-,2.9,82.5,1.3,1,7.14
Federico Mattiello,Chievo,23,M(LR),1,90,-,1,-,-,3,75,2,-,7.14
Archimede Morleo,Bologna,35,"D(L),M(L)",5,399,-,-,-,-,0.8,71.1,1.8,-,7.14
Milan Badelj,Fiorentina,30,M(C),25(2),2138,1,1,7,1,1,87,0.7,2,7.13
Éder,Sampdoria,32,"AM(CLR),FW",19,1646,12,2,2,-,2.8,80.8,0.1,1,7.13
Lucas Digne,Roma,25,D(L),32(1),2859,3,3,4,-,0.5,81.3,2.3,1,7.13
Andrea Seculin,Chievo,28,GK,3,270,-,-,-,-,-,51.9,-,-,7.13
Nikola Maksimovic,Torino,27,"D(CR),M(R)",16,1440,-,1,3,-,0.1,84,1.2,-,7.12
Simone Colombi,Carpi,27,GK,1,90,-,-,-,-,-,27.8,-,-,7.12
Matías Vecino,Fiorentina,27,M(C),27(3),2399,2,1,8,-,1.7,87.5,1.7,4,7.12
Leonardo Bonucci,Juventus,32,D(C),35(1),3157,3,1,6,-,0.8,87,1.3,-,7.12
Lorenzo Tonelli,Empoli,29,D(C),26,2288,2,-,8,1,0.3,84.1,2.5,4,7.11
Ezequiel Muñoz,Genoa,28,D(C),17(1),1407,-,-,7,-,0.4,82.8,2,2,7.11
Borja Valero,Fiorentina,34,M(CL),35(2),3099,4,6,5,-,1,89.2,0.2,3,7.10
Juraj Kucka,AC Milan,32,M(CL),24(5),2083,1,3,11,-,1.6,76.2,2.2,3,7.10
Davide Astori,Fiorentina,32,D(C),32(1),2901,-,-,5,-,0.4,88.7,2,-,7.09
Simone Missiroli,Sassuolo,33,AM(C),22(2),1833,2,-,6,1,0.4,73.9,3.1,2,7.09
Vlad Chiriches,Napoli,29,D(CR),8,698,1,-,2,-,0.5,90.2,2.9,-,7.09
Riccardo Montolivo,AC Milan,34,M(C),31,2689,-,1,5,-,0.9,82.1,0.5,-,7.09
Giorgio Chiellini,Juventus,34,D(C),21(3),1789,1,-,4,1,0.6,86.6,1.5,-,7.08
Adam Masina,Bologna,25,"D(L),M(L)",30(3),2625,2,3,8,1,0.4,74.2,2.2,2,7.08
Alex Telles,Inter,26,"D(L),M(L)",18(3),1578,-,1,5,1,0.6,80.5,1,1,7.08
Faouzi Ghoulam,Napoli,28,D(L),32(2),2917,-,3,3,-,0.6,86.7,2.3,2,7.08
Domenico Maietta,Bologna,36,D(C),18(1),1565,-,-,4,-,0.1,84.8,1.5,1,7.07
Patrice Evra,Juventus,38,"D(CL),M(L)",24(2),2051,2,3,5,1,0.6,85.7,1.3,-,7.07
Boukary Dramé,Atalanta,33,"D(L),M(L)",25,2053,-,-,1,1,0.7,81.9,1.7,1,7.07
Marcos Alonso,Fiorentina,28,"D(CL),M(L)",26(5),2346,3,4,8,-,1.8,83.4,1.6,3,7.07
Riccardo Gagliolo,Carpi,29,D(CL),29(2),2636,1,-,11,1,0.4,70,1,2,7.07
Emiliano Viviano,Sampdoria,33,GK,37,3330,-,-,2,-,-,54.6,0.2,5,7.07
Marcelo Brozovic,Inter,26,M(CR),25(7),2388,4,5,7,-,1.8,82.5,0.5,2,7.06
Abdelhamid El Kaoutari,Palermo,29,D(CL),7,630,1,-,2,-,0.1,82.7,0.9,-,7.06
Kostas Manolas,Roma,28,D(C),36(1),3124,2,2,7,-,0.4,86.5,3.4,1,7.05
Gonzalo Rodríguez,Fiorentina,35,D(C),35,3142,4,-,7,-,0.3,87.1,1.5,4,7.05
Daniele Gastaldello,Bologna,36,D(C),26,2203,1,2,7,1,0.3,82.7,2.5,3,7.05
Philippe Mexes,AC Milan,37,D(C),4(1),399,1,-,4,-,1,85.2,3,1,7.05
Cristian Tello,Fiorentina,27,M(LR),13(2),1079,2,4,1,-,1.5,82.7,0.1,-,7.05
Andrea Barzagli,Juventus,38,D(CR),31,2739,1,-,2,-,0.1,88.6,1.1,-,7.05
Marten de Roon,Atalanta,28,DMC,35(1),3095,1,2,9,1,0.6,77.2,1.8,2,7.05
Abdoulay Konko,Lazio,35,"D(LR),M(R)",17(1),1530,-,-,3,-,0.7,77.2,1.3,-,7.04
Josip Ilicic,Fiorentina,31,"AM(CLR),FW",24(6),1925,13,5,2,-,2.5,81.5,0.1,2,7.04
Leandro Paredes,Empoli,25,DMC,29(4),2490,2,1,11,-,1.6,83.9,0.7,1,7.04
Felipe,Udinese,34,D(CL),26,2146,1,1,11,1,0.4,76.8,2.7,2,7.04
Cyril Théréau,Udinese,36,"AM(CL),FW",34(2),2904,11,3,2,1,2.1,77.7,2.6,5,7.03
Andrea Belotti,Torino,25,FW,31(4),2597,12,4,4,-,2,76.7,1.5,5,7.03
Radja Nainggolan,Roma,31,M(C),33(2),2939,6,1,10,1,1.9,85.2,0.6,2,7.03
Domenico Berardi,Sassuolo,24,"AM(R),FW",26(3),2181,7,6,10,1,3,70.7,0.4,1,7.03
Hernanes,Juventus,34,M(C),10(4),863,1,1,6,-,2.1,91.1,0.6,1,7.03
Raúl Albiol,Napoli,33,D(C),36,3240,1,1,10,-,0.3,87.8,3.1,2,7.03
Suso,Genoa,25,"AM(CLR),FW",15(4),1179,6,1,4,-,1.9,79.4,0.1,2,7.03
Geoffrey Kondogbia,Inter,26,DMC,23(3),1995,1,-,6,1,1.5,87.1,0.9,-,7.02
M'Baye Niang,AC Milan,24,"AM(LR),FW",15(1),1162,5,4,1,-,2.3,73.7,1.3,-,7.02
Roberto Gagliardini,Atalanta,25,DMC,1,82,-,-,-,-,2,82.4,2,-,7.02
Jeison Murillo,Inter,27,D(C),32(2),2843,2,1,4,3,0.6,86.9,1.9,2,7.01
Sami Khedira,Juventus,32,M(C),20,1542,5,4,3,1,1.1,85.2,0.7,-,7.01
Nicolas Burdisso,Genoa,38,D(C),28,2447,-,-,7,-,0.4,81.9,1.9,-,7.00
Perparim Hetemaj,Chievo,32,M(CL),26(2),2261,1,-,7,-,0.9,79.4,0.4,1,7.00
Milan Bisevac,Lazio,35,D(C),11,908,1,-,-,-,0.2,86.4,1.3,-,7.00
Senad Lulic,Lazio,33,"D(L),M(CL)",28(2),2356,3,3,9,1,0.6,78,1.2,1,7.00
Federico Peluso,Sassuolo,35,"D(CL),M(L)",34,3038,1,1,11,-,0.6,74,2.1,-,6.99
Samir Handanovic,Inter,34,GK,36,3240,-,-,5,-,-,69.3,0.1,3,6.99
Cristian Zaccardo,Carpi,37,D(CR),26(1),2404,1,-,4,-,0.6,72.8,1,3,6.99
Dario Dainelli,Chievo,40,D(C),15(3),1378,1,-,5,-,0.1,79.7,1.6,-,6.98
Ali Adnan,Udinese,25,"D(L),M(L)",21(7),1903,1,1,6,-,0.8,70.4,1.9,-,6.97
Facundo Roncaglia,Fiorentina,32,D(CLR),26(4),2436,1,-,9,-,0.4,88.7,1.4,-,6.97
Mauro Icardi,Inter,26,FW,32(1),2600,16,4,1,-,1.7,73,1.4,3,6.97
Marios Oikonomou,Bologna,26,D(C),17(3),1617,-,1,5,1,0.2,80.9,1.6,-,6.96
Alessandro Gamberini,Chievo,37,D(C),22,1815,-,1,1,-,0.1,80.7,2.2,2,6.96
Mauricio,Lazio,30,D(C),19(5),1917,-,-,13,1,0.4,82.5,3,1,6.96
Miranda,Inter,34,D(C),31(1),2743,1,3,6,2,0.3,82.4,2,3,6.96
Gaetano Letizia,Carpi,29,"D(LR),M(LR)",33(2),2894,1,-,5,-,0.7,68.5,0.6,1,6.96
Marco Parolo,Lazio,34,M(C),30(1),2564,3,-,9,-,1.8,78.6,2,-,6.95
Gabriel Silva,Genoa,28,"D(LR),M(L)",8(3),767,-,-,-,-,0.3,68.6,1,1,6.95
José Callejón,Napoli,32,M(LR),35(3),2832,7,7,4,-,1.6,82.9,0.7,4,6.95
Federico Bernardeschi,Fiorentina,25,"M(CLR),FW",25(8),2275,2,4,6,-,1.6,82,0.2,1,6.94
Maximiliano Moralez,Atalanta,32,"AM(CLR),FW",16(1),1362,1,4,2,-,1.5,83,0.1,1,6.94
Cristián Zapata,AC Milan,32,D(C),14(2),1335,1,-,3,-,0.2,82.4,1.9,-,6.94
Felipe Anderson,Lazio,26,"M(CLR),FW",21(14),2072,7,4,2,-,1.4,71.6,0.2,3,6.94
Kamil Glik,Torino,31,D(C),33,2970,-,-,11,-,0.6,88.9,1.8,-,6.93
Simone Romagnoli,Carpi,29,D(C),30,2639,-,-,5,-,0.4,71,2.4,-,6.93
Martín Montoya,Inter,28,D(LR),3,256,-,-,-,-,-,84.2,0.7,-,6.93
Diego Laxalt,Genoa,26,"D(L),M(CL)",35,3074,3,4,3,-,0.9,75.1,1.1,3,6.93
Bostjan Cesar,Chievo,36,D(C),30(1),2716,1,-,9,1,0.5,81.6,2.1,-,6.93
Luca Cigarini,Atalanta,33,M(C),21(4),1825,2,2,10,-,1.7,79.9,0.9,-,6.93
Keita,Lazio,24,"AM(LR),FW",15(16),1767,4,2,5,-,2,85.4,0.3,-,6.92
Valter Birsa,Chievo,32,"M(CLR),FW",32(3),2390,6,7,4,-,1.5,74.7,0.5,3,6.92
Kingsley Coman,Juventus,23,"AM(LR),FW",1,65,-,-,-,-,3,90.9,2,-,6.92
Mattia Perin,Genoa,26,GK,25,2250,-,-,2,-,-,53,0.3,1,6.92
Daniele De Rossi,Roma,35,"D(C),M(C)",23(1),1911,1,2,9,-,0.4,88.9,0.7,-,6.92
Marco Borriello,Carpi,37,FW,8(4),748,4,3,1,1,2.5,80.8,1.6,-,6.92
Giuseppe Vives,Torino,38,"DMC,M(L)",28(5),2549,1,1,9,1,0.5,84.1,0.9,1,6.92
Riccardo Saponara,Empoli,27,AM(C),32(1),2641,5,11,6,1,2.1,76.2,0.1,2,6.91
Dodô,Sampdoria,27,"D(L),M(L)",16(1),1424,-,1,4,-,0.6,76.2,0.8,1,6.91
Ricardo Álvarez,Sampdoria,31,AM(CR),9(4),808,1,1,2,-,1.1,86.4,0.4,-,6.91
Santiago Gentiletti,Lazio,34,D(C),19,1710,-,-,10,-,0.5,85.4,1.4,-,6.91
Ivan Radovanovic,Chievo,30,DMC,25(1),2080,-,-,9,-,0.7,81.1,1.8,-,6.91
Uros Cosic,Empoli,26,D(C),9,810,-,-,4,-,0.1,86.9,1.7,-,6.91
Pontus Jansson,Torino,28,D(C),6(1),614,1,-,1,-,0.9,93.3,0.9,-,6.90
Leonardo Blanchard,Frosinone,31,D(C),27(1),2455,3,1,11,1,0.8,69.4,2.9,-,6.90
Bruno Fernandes,Udinese,24,M(CLR),24(7),2115,3,4,7,1,1.7,75.4,0.5,2,6.90
Elseid Hysaj,Napoli,25,D(LR),37,3285,-,2,5,-,0.3,85.6,1.1,-,6.90
Mário Rui,Empoli,28,D(L),36,3240,-,2,6,1,0.8,81.7,0.4,1,6.90
Lucas Castro,Chievo,30,AM(CLR),32(2),2788,3,1,9,-,1.3,75.1,1.6,1,6.90
Luca Rossettini,Bologna,34,D(CR),28(1),2542,3,1,5,-,0.5,76.2,2.3,1,6.89
Stevan Jovetic,Inter,29,"AM(C),FW",18(8),1532,6,2,4,-,2.7,74.6,1,2,6.89
Carlos Bacca,AC Milan,32,FW,36(2),3170,18,2,2,-,2,73,0.7,-,6.89
Ivan Perisic,Inter,30,AM(CLR),26(8),2409,7,6,5,-,2,77,2,1,6.89
Luca Rigoni,Genoa,34,M(CR),14(4),1202,3,-,4,-,1.3,77.3,1.2,1,6.89
Gabriel Silva,Carpi,28,"D(LR),M(L)",14(2),1279,-,2,4,-,0.6,66.9,0.9,2,6.89
Ogenyi Onazi,Lazio,26,DMC,14(1),1186,1,1,2,-,0.8,80.8,0.7,-,6.89
Alessio Romagnoli,AC Milan,24,D(CL),33(1),2943,-,-,8,1,0.2,86.4,2.3,1,6.89
Carlos Carbonero,Sampdoria,28,AM(CR),11(3),1032,-,3,3,-,0.4,85.6,0.9,-,6.89
Alberto Grassi,Atalanta,24,M(C),13,985,-,-,4,1,1.2,78.5,1.3,-,6.87
Wojciech Szczesny,Roma,29,GK,34,3060,-,-,1,-,-,66.9,0.1,2,6.87
Daniele Rugani,Juventus,24,D(C),11(6),1161,-,-,2,-,0.2,88.9,1.3,-,6.87
Daniele Baselli,Torino,27,M(C),25(10),2272,4,3,6,-,0.9,79.3,0.3,1,6.87
Jonathan Biabiany,Inter,31,"M(LR),FW",7(13),861,1,2,3,-,1,86,0.6,2,6.87
Albano Bizzarri,Chievo,41,GK,35,3150,-,-,2,-,-,49.7,0.2,1,6.86
Roberto Soriano,Sampdoria,28,AM(CL),33(4),2829,8,4,7,-,1.4,83.5,0.2,1,6.86
Rafael Tolói,Atalanta,28,D(C),21(3),1896,1,-,6,1,0.4,77.2,1.3,1,6.86
Eros Pisano,Verona,32,"D(LR),M(R)",33(1),2906,5,-,7,-,0.6,69.1,1,-,6.86
Enzo Maresca,Palermo,39,M(C),10(5),982,1,-,3,-,0.7,84.3,0.7,1,6.86
Miroslav Klose,Lazio,41,FW,14(10),1360,7,7,3,-,1.3,66.4,1.6,3,6.86
Emanuele Giaccherini,Bologna,34,M(CLR),27(1),2187,7,-,7,-,1.6,80.4,0.2,-,6.86
Edin Dzeko,Roma,33,FW,21(10),1954,8,6,4,1,2.7,66.4,3.3,1,6.86
Riccardo Meggiorini,Chievo,33,FW,19(7),1655,5,7,8,1,1.5,63.1,3.2,2,6.85
Cristian Molinaro,Torino,35,"D(L),M(L)",23(4),1965,1,1,3,1,0.4,77.5,0.7,-,6.85
Guilherme,Udinese,28,M(C),4(1),339,-,-,1,-,1.2,80,1.8,-,6.85
Nicolás Spolli,Chievo,36,D(C),8(2),770,-,-,3,1,0.2,84.5,1.3,1,6.85
Sebastien De Maio,Genoa,32,D(C),25(3),2237,1,1,5,1,0.5,80.4,2,-,6.85
Alessandro Gazzi,Torino,36,M(C),11(4),966,-,-,4,-,0.1,82.1,2.9,1,6.85
Felipe Melo,Inter,36,M(C),21(5),1775,1,1,6,2,0.9,86.3,1.8,2,6.85
Andrea Masiello,Atalanta,33,D(CR),27(2),2401,-,1,7,-,0.1,76.3,0.8,-,6.84
Roberto Pereyra,Juventus,28,M(CLR),9(4),798,-,1,-,-,0.8,90.5,-,1,6.84
Keisuke Honda,AC Milan,33,AM(CR),23(7),1931,1,3,2,-,1.5,81.9,1.1,2,6.84
Alfred Duncan,Sassuolo,26,M(C),27(6),2487,1,5,5,-,1.2,75.3,0.5,-,6.84
Stefan Radu,Lazio,32,D(CL),13,1092,-,1,3,1,0.5,85.3,0.8,1,6.83
Wesley Hoedt,Lazio,25,D(C),24(1),2050,-,-,4,1,0.5,82.9,1.4,3,6.83
Gary Medel,Inter,31,"D(C),DMC",28(2),2416,1,1,10,-,0.4,89,1,-,6.83
Sergej Milinkovic-Savic,Lazio,24,AM(C),17(8),1644,1,-,5,1,1.4,72.4,3.6,1,6.83
Gastón Silva,Torino,25,"D(CL),M(L)",10(2),897,-,1,3,-,0.6,80.5,0.7,-,6.83
Maicon,Roma,37,D(R),12(3),1012,1,2,2,1,0.7,84.6,0.9,1,6.83
Godfred Donsah,Bologna,23,DMC,18(2),1359,2,2,2,-,0.8,69.2,1.5,2,6.83
Paolo Sammarco,Frosinone,36,M(C),25(3),2321,4,1,7,-,0.8,76.6,1,-,6.83
Ibrahima Mbaye,Bologna,24,"D(LR),M(LR)",11(4),979,-,-,3,1,0.3,81.7,1.5,1,6.83
Seydou Keita,Roma,39,M(C),16(4),1368,1,-,4,-,0.7,86.1,2,-,6.83
Luca Antei,Sassuolo,27,D(C),4(1),342,-,1,2,-,-,81.3,0.8,-,6.82
Berat Djimsiti,Atalanta,26,D(C),3,270,-,-,1,-,0.3,82,2,-,6.82
Lorenzo Lollo,Carpi,28,AM(C),25(2),2096,3,1,10,2,1.3,73.8,1,-,6.82
Massimo Maccarone,Empoli,39,FW,35(2),2765,13,5,4,-,2.2,71.2,0.6,1,6.82
Adem Ljajic,Inter,27,"AM(CLR),FW",16(9),1445,3,3,2,-,1.5,87.5,0.1,1,6.82
Vincent Laurini,Empoli,30,D(R),24(1),1955,1,-,5,-,0.1,83.7,1.2,-,6.82
Raffaele Bianco,Carpi,31,M(C),21(5),1861,1,3,5,1,0.7,78.1,0.8,-,6.82
Antonio Rüdiger,Roma,26,D(CR),29(1),2634,2,-,4,-,0.6,86.8,1.5,-,6.82
Nicola Rigoni,Chievo,28,DMC,22(6),1983,3,1,7,-,1,80.4,0.9,2,6.82
Federico Barba,Empoli,25,D(CL),10,890,-,1,3,-,0.3,88.7,2,-,6.82
Mauricio Pinilla,Atalanta,35,FW,16(4),1342,5,2,8,1,2.1,68.4,2.8,1,6.81
Francesco Totti,Roma,42,"AM(CL),FW",2(11),387,5,3,3,-,1.7,76.7,0.2,-,6.81
Molla Wagué,Udinese,28,D(C),20(1),1691,-,-,5,1,0.5,80.6,2.1,1,6.81
Artur Ionita,Verona,28,AM(C),27(4),2383,4,2,2,-,1.2,80.2,1.7,1,6.81
Davide Calabria,AC Milan,22,"D(LR),M(R)",3(3),370,-,-,4,-,0.2,72.1,0.5,-,6.81
Vangelis Moras,Verona,37,D(C),30(1),2749,1,1,4,1,0.2,81.5,1.9,1,6.81
Stefano Sorrentino,Palermo,40,GK,35,3098,-,-,1,-,-,50.4,0.1,3,6.81
Antonio Floro Flores,Sassuolo,36,"AM(L),FW",8(6),640,3,2,-,-,2.3,64.9,0.9,2,6.80
Antonio Candreva,Lazio,32,M(CLR),28(2),2204,10,3,4,-,3,81.6,0.1,1,6.80
Lorenzo Pasciuti,Carpi,29,M(R),19(2),1554,2,3,4,1,0.3,65.4,0.8,1,6.80
Mattia De Sciglio,AC Milan,26,"D(LR),M(LR)",21(1),1843,-,1,3,-,0.6,76.8,1.4,-,6.80
Nenad Tomovic,Fiorentina,31,D(CLR),19(5),1672,-,-,5,-,0.3,87.1,1.6,-,6.80
Luca Marrone,Verona,29,"D(C),DMC",10(2),874,-,3,3,-,0.6,79.8,0.3,1,6.80
Fabrizio Cacciatore,Chievo,32,D(LR),25(4),2310,1,3,6,-,0.4,80.2,0.8,1,6.80
Marco Sportiello,Atalanta,27,GK,36,3240,-,-,2,-,-,50.8,0.1,-,6.79
Massimo Gobbi,Chievo,38,"D(L),M(L)",31(3),2785,-,1,7,-,0.4,76.7,0.8,-,6.79
Danilo D'Ambrosio,Inter,30,"D(CLR),M(LR)",18(2),1616,2,-,3,1,0.4,74.8,1,1,6.79
Hernanes,Inter,34,M(C),0(2),50,-,-,-,-,1,77.8,0.5,-,6.79
Sinisa Andjelkovic,Palermo,33,D(C),21(2),1907,-,1,3,1,0.1,79,1.8,1,6.79
Antonio Mirante,Bologna,35,GK,33,2970,-,-,2,-,-,54.2,0.2,-,6.79
Blerim Dzemaili,Genoa,33,M(C),22(5),1789,3,2,6,1,1.4,82,0.8,1,6.79
Juan Jesus,Inter,28,D(CL),16(3),1414,-,-,3,-,0.2,83.1,1.2,-,6.79
Eugenio Lamanna,Genoa,29,GK,13,1170,-,-,-,-,-,56.3,0.2,-,6.78
Emmanuel Badu,Udinese,28,DMC,30(3),2665,4,1,6,-,1.1,76.4,1.8,1,6.78
Daniel Pavlovic,Frosinone,31,D(L),22,1933,-,5,6,-,0.5,64.8,1.2,-,6.78
Gabriel Paletta,Atalanta,33,D(C),24,2014,1,-,5,2,0.3,78.1,1.8,-,6.78
Ante Rebic,Fiorentina,25,"AM(CLR),FW",3(1),229,1,-,2,-,1.5,75.2,-,-,6.78
Ciro Immobile,Torino,29,FW,11(3),988,5,2,2,-,2.7,70.9,0.9,2,6.78
Gianluigi Buffon,Juventus,41,GK,35,3150,-,-,1,-,-,78.1,0.1,1,6.77
Gianluigi Donnarumma,AC Milan,20,GK,30,2629,-,-,3,-,-,62.6,0.1,1,6.77
Michelangelo Albertazzi,Verona,28,D(L),9(1),708,-,-,4,-,-,67.8,0.9,-,6.77
Andrea Conti,Atalanta,25,"D(R),M(R)",10(4),814,2,1,1,1,0.4,77.2,1,-,6.77
Cesare Bovo,Torino,36,D(C),20(1),1789,2,-,10,-,0.5,83.5,1.1,1,6.77
Achraf Lazaar,Palermo,27,"D(L),M(L)",26(4),2297,1,2,2,1,0.9,72.6,0.7,-,6.76
Alex Ferrari,Bologna,24,D(CR),13(8),1255,-,-,6,-,0.3,78,1,-,6.76
Lukasz Skorupski,Empoli,28,GK,31,2790,-,-,2,-,-,66.6,0.3,2,6.76
Álvaro Morata,Juventus,26,"AM(L),FW",16(18),1456,7,7,6,-,1.4,79.1,0.6,1,6.76
Martín Cáceres,Juventus,32,"D(CLR),M(R)",5(1),449,-,-,-,-,0.2,94.2,1.5,-,6.76
Amadou Diawara,Bologna,21,DMC,31(3),2731,-,1,9,2,0.6,84.2,0.5,-,6.76
Paolo Cannavaro,Sassuolo,38,D(C),30(1),2643,-,1,8,-,0.1,79.5,1,-,6.75
Andrea Consigli,Sassuolo,32,GK,37,3269,-,-,3,1,-,66.2,0.3,2,6.75
Davide Santon,Inter,28,D(LR),11(1),978,-,1,1,-,0.3,88,0.9,-,6.75
Francesco Benussi,Carpi,37,GK,4,299,-,-,-,-,-,38.9,-,-,6.75
Danilo,Udinese,35,D(C),34,2947,-,-,9,2,0.4,72.7,2.2,-,6.75
Gianluca Pegolo,Sassuolo,38,GK,1(1),149,-,-,1,-,-,55.6,-,-,6.75
Simone Verdi,Carpi,26,"AM(CLR),FW",3(5),272,3,-,1,-,1.9,77.5,0.5,1,6.74
Lorenzo De Silvestri,Sampdoria,31,"D(R),M(R)",17,1396,1,2,4,-,0.7,65.5,2.6,-,6.74
Lorenzo Pellegrini,Sassuolo,23,M(C),13(6),1152,3,-,4,1,1.2,78,1.3,2,6.74
Emil Hallfredsson,Verona,35,AM(C),15(1),1220,-,1,8,-,0.9,79.7,1.6,1,6.74
Nicola Leali,Frosinone,26,GK,33,2970,-,-,3,-,-,48.7,0.2,-,6.74
Kwadwo Asamoah,Juventus,30,"D(L),M(CL)",6(5),567,-,1,1,-,0.8,90.9,0.4,-,6.73
Andrea Bertolacci,AC Milan,28,M(C),21(6),1804,1,1,6,-,0.7,81.8,0.5,2,6.73
Vid Belec,Carpi,29,GK,30,2700,-,-,1,-,-,34.2,0.3,1,6.73
Emiliano Moretti,Torino,38,D(CL),35,3150,1,1,4,-,0.3,87.5,0.9,-,6.72
Stephan Lichtsteiner,Juventus,35,"D(R),M(R)",22(4),1832,-,1,5,-,0.6,76.2,0.6,-,6.72
Lorenzo Crisetig,Bologna,26,M(C),4(1),354,-,-,1,-,0.2,76.8,1.2,-,6.72
Giancarlo González,Palermo,31,D(C),35,3138,2,-,11,-,0.1,77.4,1.7,-,6.72
Luca Paganini,Frosinone,26,M(R),21(6),1843,2,2,6,-,0.9,68.5,1.9,1,6.72
Stefano Sabelli,Carpi,26,M(R),6(1),558,1,-,1,-,0.6,60.1,0.6,-,6.71
Nicola Sansone,Sassuolo,27,"AM(LR),FW",28(9),2544,7,4,8,-,1.7,79.6,0.2,1,6.71
Luis Muriel,Sampdoria,28,"AM(CL),FW",19(13),1692,6,5,3,-,1.8,74.5,0.8,2,6.71
Remo Freuler,Atalanta,27,DMC,5(1),451,1,-,-,-,0.8,79.1,0.7,-,6.71
Fredy Guarín,Inter,33,M(CR),11(5),971,1,1,7,-,1.8,77.1,0.6,1,6.71
Federico Dionisi,Frosinone,32,"AM(L),FW",28(4),2450,9,4,12,-,2.6,68.3,0.6,3,6.71
Matías Fernández,Fiorentina,33,AM(C),11(11),1071,1,3,3,1,1.1,90.7,0.1,1,6.70
Pedro Pereira,Sampdoria,21,"D(R),M(R)",7(2),643,-,1,-,-,0.3,80.1,1.1,-,6.70
Modibo Diakité,Frosinone,32,D(CR),18,1620,1,-,4,-,0.4,73,3,-,6.70
Afriyie Acquah,Torino,27,DMC,22(7),1893,2,3,9,-,0.9,75.4,0.7,-,6.70
Marco Crimi,Carpi,29,M(C),10(9),965,-,1,9,-,0.4,68.5,0.4,-,6.70
Mirko Gori,Frosinone,26,M(C),26(2),2173,-,-,10,1,0.8,74.3,0.3,-,6.70
Mirko Valdifiori,Napoli,33,DMC,6,458,-,-,3,-,0.2,85.8,1,-,6.69
Franco Brienza,Bologna,40,M(CR),16(13),1678,3,3,1,-,1.4,80.5,0.2,-,6.69
Alessio Cerci,Genoa,31,"M(R),FW",6(5),548,4,1,1,-,1.9,75.9,0.5,-,6.69
Aleandro Rosi,Frosinone,32,"D(R),M(R)",24(3),2163,-,-,6,-,0.6,71.3,1.1,-,6.69
Daniel Ciofani,Frosinone,33,FW,33(4),2913,9,1,1,-,2.1,62.1,2.7,1,6.68
Thomas Heurtaux,Udinese,30,D(CR),10(5),1075,-,-,4,-,0.1,77.9,1.6,-,6.68
Raffaele Maiello,Empoli,27,M(C),4(8),469,-,-,1,-,0.3,86.7,0.4,-,6.68
Isaac Cofie,Carpi,28,M(C),26(3),2152,-,1,7,-,0.8,73.3,1.2,-,6.68
Luca Marrone,Carpi,29,"D(C),DMC",9,728,1,-,4,-,0.6,78.6,0.8,1,6.68
Manuel Pucciarelli,Empoli,28,FW,33(5),3035,6,3,2,-,1.5,83.1,0.1,1,6.68
Yuto Nagatomo,Inter,32,"D(LR),M(LR)",19(3),1649,-,-,4,2,0.3,82.9,0.5,-,6.68
Silvan Widmer,Udinese,26,"D(R),M(R)",21(6),1904,-,2,4,-,0.9,68.4,1.2,-,6.68
Federico Marchetti,Lazio,36,GK,29,2550,-,-,-,-,-,64.4,0.2,2,6.68
Matteo Bianchetti,Verona,26,D(C),17(6),1581,1,-,4,-,0.3,76.7,1.3,-,6.68
Dries Mertens,Napoli,32,"AM(CLR),FW",6(27),1086,5,5,7,-,1.6,77,0.1,1,6.68
Manuel Pasqual,Fiorentina,37,"D(L),M(L)",12(5),1032,-,2,5,-,0.2,82.5,0.6,-,6.68
Serge Gakpé,Genoa,32,"AM(LR),FW",8(5),774,3,1,1,-,1.5,73.1,1.4,-,6.67
Nikola Kalinic,Fiorentina,31,FW,25(11),2571,12,3,5,-,2,78.8,1,2,6.67
Andrea Rispoli,Palermo,30,"D(R),M(R)",16(6),1421,-,4,3,-,0.5,74,0.5,-,6.67
Fabio Quagliarella,Sampdoria,36,FW,13(3),1223,3,-,1,-,3.1,69.6,0.7,-,6.67
Andrea Ranocchia,Sampdoria,31,D(C),13(1),1142,-,-,5,1,0.6,85,2.4,2,6.67
Jacopo Sala,Verona,27,"D(R),M(CR)",17(1),1484,-,1,6,-,0.6,76.3,0.6,-,6.67
Germán Denis,Atalanta,37,FW,12(3),977,4,1,-,-,1.3,70.7,2.9,1,6.67
Mattia Destro,Bologna,28,FW,25(2),2140,8,3,9,-,2.4,64.1,1.9,-,6.67
Guglielmo Stendardo,Atalanta,38,D(C),12(3),1108,1,-,3,1,0.3,82.5,1,-,6.67
Mattia Cassani,Sampdoria,35,"D(CR),M(R)",23(2),2030,-,1,6,1,0.1,80,0.8,-,6.66
Danilo Soddimo,Frosinone,31,AM(L),20(8),1794,1,2,9,1,1.6,70.1,0.4,-,6.66
Joel Obi,Torino,28,M(CR),7(3),492,1,-,1,1,0.3,79.3,0.5,-,6.66
Ervin Zukanovic,Sampdoria,32,D(CL),14(2),1331,3,-,5,1,0.6,82.6,1.3,-,6.66
Fabio Quagliarella,Torino,36,FW,16,1354,5,-,-,-,3,67.8,1,-,6.66
Adriano Russo,Frosinone,32,D(C),9(1),883,1,-,2,-,0.1,76.9,1.5,1,6.66
Joaquín Correa,Sampdoria,24,"AM(CL),FW",14(11),1308,3,1,5,1,1.4,83.8,0.2,1,6.66
Tino Costa,Genoa,34,M(C),12,931,-,-,4,-,1.4,81.3,1.1,-,6.66
Mauro Zárate,Fiorentina,32,"M(CLR),FW",6(9),696,3,1,2,1,2.7,84.6,-,1,6.66
Edoardo Goldaniga,Palermo,25,D(C),14(3),1213,2,-,5,-,0.4,68.2,1.6,1,6.66
Ivaylo Chochev,Palermo,26,DMC,21(6),1742,-,2,6,-,1,78.3,1.6,-,6.66
Rodrigo Palacio,Inter,37,"AM(CLR),FW",15(12),1399,2,4,5,-,0.6,81.8,0.6,1,6.65
Nicolas Frey,Chievo,35,D(CLR),17(2),1484,-,-,3,-,0.1,74,1.4,-,6.65
Panagiotis Tachtsidis,Genoa,28,DMC,7(17),826,2,2,3,-,0.8,71.5,1.7,1,6.65
Iván Piris,Udinese,30,D(CLR),20(7),1866,-,-,5,-,0.1,81.3,0.9,1,6.65
Leandro Greco,Verona,32,M(C),22(4),1899,1,-,7,-,0.4,85.9,0.4,-,6.65
Vasco Regini,Sampdoria,28,D(CL),14,1207,-,-,2,-,0.6,83.8,1.4,-,6.64
Saphir Taïder,Bologna,27,M(C),25(4),2111,-,1,4,-,1.1,85.1,0.5,-,6.64
Ivan Strinic,Napoli,31,D(L),3(2),252,-,-,-,-,0.6,89.4,0.4,-,6.64
Mario Suárez,Fiorentina,32,M(C),5(4),454,1,-,3,-,0.8,92.5,0.8,1,6.63
Etrit Berisha,Lazio,30,GK,9(2),870,-,-,1,-,-,64.5,-,-,6.63
Duván Zapata,Udinese,28,FW,15(10),1515,8,2,5,-,2.1,67.2,2.1,1,6.63
Khouma Babacar,Fiorentina,26,FW,11(7),802,5,1,2,-,1.7,70.3,0.7,1,6.63
Luca Lezzerini,Fiorentina,24,Goalkeeper,1(1),109,-,-,-,-,-,57.9,-,-,6.63
Fabrizio Poli,Carpi,30,D(C),10,850,-,-,5,-,-,71.7,1.2,-,6.62
Stefano Sturaro,Juventus,26,M(CL),11(8),1023,1,-,6,-,0.5,77.8,1.2,1,6.62
Ângelo Da Costa,Bologna,35,GK,5,450,-,-,1,-,-,62.8,0.2,-,6.62
Orestis Karnezis,Udinese,33,GK,38,3420,-,-,-,-,-,48.7,0.2,1,6.62
Arlind Ajeti,Frosinone,25,D(C),15(1),1218,1,-,5,1,0.6,69.7,1.8,-,6.61
Urby Emanuelson,Verona,33,"D(L),M(CLR)",6(5),621,-,1,-,-,1.3,84.5,0.5,-,6.61
Emanuele Suagher,Carpi,26,D(C),8(1),721,-,-,8,-,0.3,70.6,1.2,-,6.61
Panagiotis Kone,Udinese,31,M(CLR),2(3),229,-,1,-,1,2,89.5,1,-,6.61
Mato Jajalo,Palermo,31,M(C),24(4),2036,-,1,8,-,0.7,80.5,1.2,1,6.60
Marco D'Alessandro,Atalanta,28,M(LR),11(12),1160,3,2,3,-,0.6,73.2,0.1,-,6.60
Nicolò Cherubin,Atalanta,32,D(CL),10(4),1026,1,-,1,1,0.2,74.8,1.3,-,6.60
Gilberto,Fiorentina,26,"D(R),M(R)",3(2),281,-,-,1,-,0.8,80.9,0.2,-,6.60
Massimo Zappino,Frosinone,38,Goalkeeper,3(1),331,-,-,-,-,-,51.5,-,-,6.60
Francesco Lodi,Udinese,35,M(C),20(4),1871,1,1,3,-,1,81.3,0.5,1,6.60
Matteo Brighi,Bologna,38,M(C),14(9),1455,-,-,3,-,1,80.8,0.7,-,6.60
Pablo Armero,Udinese,32,"D(L),M(L)",5,419,1,-,-,-,0.4,69.7,0.2,-,6.60
Mario Balotelli,AC Milan,28,FW,8(12),828,1,1,6,-,2.2,72.4,0.5,1,6.60
Anthony Mounier,Bologna,31,AM(CLR),24(6),1942,4,2,6,-,0.7,72.3,0.4,1,6.60
Ronaldo,Empoli,29,Midfielder,1(1),91,-,-,1,-,3,87.9,-,-,6.60
Alberto Paloschi,Chievo,29,FW,19(2),1673,8,2,1,-,2,68.5,0.3,-,6.59
Marcel Büchel,Empoli,28,DMC,18(10),1582,2,1,10,-,1.3,81.9,0.8,-,6.59
Christian Maggio,Napoli,37,"D(R),M(R)",4(4),392,-,-,-,-,0.1,80.2,1,-,6.59
Marco Crimi,Bologna,29,M(C),1,46,-,-,-,-,-,56.3,-,-,6.59
Luca Toni,Verona,42,FW,20(3),1774,6,-,3,-,2.6,55,2.2,-,6.59
Marco Borriello,Atalanta,37,FW,8(7),851,4,1,3,-,1.7,79.6,1.3,2,6.59
Jasmin Kurtic,Atalanta,30,M(CL),30(2),2416,2,-,6,1,1.3,78.5,1.6,1,6.58
Ryder,Carpi,26,"AM(CLR),FW",14(1),1201,2,1,1,-,2.1,83.1,0.6,-,6.58
Cristian Raimondi,Atalanta,38,"D(R),M(R)",6(12),738,-,-,4,-,0.3,66.2,0.8,-,6.58
Alessio Cerci,AC Milan,31,"M(R),FW",8(5),760,-,1,-,-,1.3,72.5,0.3,-,6.58
William Vainqueur,Roma,30,DMC,4(12),593,-,2,3,-,0.3,92.4,0.8,-,6.58
Edenílson,Udinese,29,"D(R),M(CLR)",26(3),2214,-,-,3,-,0.4,75.7,0.4,-,6.58
Pawel Wszolek,Verona,27,"D(R),M(CLR)",23(3),1809,-,5,4,1,0.5,77.2,0.8,1,6.58
Daniele Croce,Empoli,36,M(C),19(9),1788,-,1,3,-,0.4,86.6,0.6,-,6.58
Giuseppe Pezzella,Palermo,21,"D(L),M(L)",7(2),595,-,-,-,-,0.2,71.6,0.1,-,6.57
Gregoire Defrel,Sassuolo,28,"AM(CR),FW",24(9),2051,7,3,2,1,1.5,82.5,0.6,-,6.57
Gastón Brugman,Palermo,26,M(C),10(4),968,-,1,2,-,1.1,83.5,0.1,-,6.57
Danilo Avelar,Torino,30,"D(L),M(L)",4(2),343,-,2,1,-,0.7,69.8,1.2,1,6.57
Juraj Kucka,Genoa,32,M(CL),1,90,-,-,-,-,-,80.4,2,-,6.57
Ervin Zukanovic,Roma,32,D(CL),6(3),524,-,1,2,-,0.1,83.6,1.6,-,6.57
Jerry Mbakogu,Carpi,26,FW,20(4),1700,2,2,2,-,1.4,66.4,2.3,-,6.57
Gilberto,Verona,26,"D(R),M(R)",0(5),178,-,-,1,-,0.6,71.4,2.2,-,6.57
Jakub Blaszczykowski,Fiorentina,33,"D(R),M(CR)",9(6),761,2,1,1,-,0.5,81.7,0.1,-,6.56
Antonio Di Gaudio,Carpi,29,AM(L),16(13),1508,3,3,2,-,1.2,75,0.1,1,6.56
Matteo Politano,Sassuolo,25,"AM(LR),FW",11(15),986,5,2,3,-,1.5,75.9,0.2,1,6.56
Lorenzo Ariaudo,Empoli,30,D(C),5,422,-,-,-,-,0.4,84.2,2.2,-,6.56
Wallace Oliveira,Carpi,25,D(R),1(5),157,-,1,1,-,0.8,78.6,0.3,-,6.56
Roberto Vitiello,Palermo,36,D(C),8(2),702,-,-,3,1,0.2,83.7,0.8,-,6.56
Zdravko Kuzmanovic,Udinese,31,M(C),13(3),1132,-,-,5,-,0.4,85.6,0.8,-,6.56
Kevin Strootman,Roma,29,DMC,2(3),190,-,1,1,-,0.4,92.9,0.2,-,6.56
David Ivan,Sampdoria,24,M(CR),12(9),1100,1,-,4,1,0.2,83.3,0.7,1,6.55
Gennaro Sardo,Chievo,40,"D(R),M(R)",3(3),331,1,-,3,-,0.3,85.4,1.2,-,6.55
Alessandro Diamanti,Atalanta,36,"M(CR),FW",9(7),861,1,1,4,-,1.5,73.9,0.1,1,6.55
Danilo Cataldi,Lazio,24,M(C),16(4),1350,1,3,8,1,1.4,84.3,0.1,-,6.55
Andrea Lazzari,Carpi,34,M(C),3(5),338,1,-,1,-,1.3,75.7,0.6,-,6.55
Oliver Kragl,Frosinone,29,AM(L),12(3),930,1,-,4,-,2.1,64.3,0.3,-,6.55
Niklas Moisander,Sampdoria,33,D(C),19(3),1776,-,-,4,1,0.1,86.1,1,-,6.55
Simone Padoin,Juventus,35,"D(LR),M(CLR)",6(6),579,1,-,2,-,0.3,90.3,0.3,-,6.54
Antonio Cassano,Sampdoria,36,"AM(CL),FW",14(10),1219,2,5,1,-,0.8,70.4,0.1,-,6.54
Oscar Hiljemark,Palermo,27,AM(C),36(2),2923,4,5,4,-,0.7,80.7,0.6,2,6.54
Sergio Floccari,Bologna,37,FW,10(8),1116,2,1,-,-,1.4,82.2,1.4,2,6.54
Luca Rizzo,Bologna,27,AM(CLR),17(6),1425,-,2,2,1,0.7,77.6,0.7,-,6.54
Modibo Diakité,Sampdoria,32,D(CR),7(1),651,-,-,4,-,0.1,77.1,2.1,-,6.54
Matteo Ciofani,Frosinone,31,D(R),14(4),1296,-,1,2,-,0.2,67.8,1,-,6.53
Gianpaolo Bellini,Atalanta,39,D(LR),11(4),949,1,-,4,-,0.4,79.9,0.5,-,6.53
Iago Falque,Roma,29,"AM(CLR),FW",13(9),1167,2,2,1,-,0.7,85.8,0.3,-,6.53
Filip Helander,Verona,26,D(C),21(3),1867,2,-,4,-,0.2,80,2,-,6.53
Lorenzo Ariaudo,Sassuolo,30,D(C),2(2),235,-,-,-,-,-,82.7,1,-,6.53
Manuel Iturra,Udinese,35,DMC,14(3),1032,-,1,8,-,0.2,84.4,1.1,-,6.53
Umar Sadiq,Roma,22,FW,2(4),189,2,-,-,-,0.7,69.2,0.7,1,6.53
Ciprian Tatarusanu,Fiorentina,33,GK,37,3311,-,-,2,-,-,73.1,0.1,-,6.53
Marco Benassi,Torino,24,AM(CR),21(11),1915,3,2,7,-,1.5,76,0.4,1,6.53
Diogo Figueiras,Genoa,28,"D(LR),M(R)",7(2),551,1,-,2,-,0.6,76.7,-,-,6.53
Rafael Márquez,Verona,40,D(C),9,759,-,-,3,-,0.6,80.5,0.9,-,6.53
Matías Silvestre,Sampdoria,34,D(C),21(4),1973,-,-,7,-,0.2,85.1,1,-,6.52
Giovanni Marchese,Genoa,34,"D(CL),M(L)",7(4),663,-,-,4,-,0.4,74.2,1,-,6.52
Alberto Gilardino,Palermo,36,FW,26(7),2361,10,2,4,-,1.5,72.6,2.2,-,6.52
Giampiero Pinzi,Chievo,38,M(C),9(9),987,-,-,7,-,0.2,83.3,0.5,-,6.52
Daniele Padelli,Torino,33,GK,35,3150,-,-,3,-,-,66.7,0.2,-,6.52
Edgar Barreto,Sampdoria,34,M(C),26(4),2168,-,1,3,-,0.6,81.5,0.5,-,6.52
Riccardo Fiamozzi,Genoa,26,Defender,4(4),478,-,-,1,-,-,82.5,-,-,6.52
Ricardo Kishna,Lazio,24,AM(LR),7(4),560,2,-,-,-,0.8,70.8,0.2,-,6.52
Matteo Fedele,Carpi,26,M(C),8,569,-,-,2,-,1.4,79.5,0.9,-,6.51
Aljaz Struna,Palermo,28,D(CR),22,1843,1,-,10,1,0.3,79.8,1,-,6.50
Robert Gucher,Frosinone,28,M(C),15(9),1370,-,-,3,-,0.9,74.6,0.4,-,6.50
Nenad Krsticic,Sampdoria,28,M(CR),6(4),543,-,1,5,-,0.4,80.8,0.3,-,6.50
Issa Cissokho,Genoa,34,"D(LR),M(R)",6(7),637,-,1,-,1,0.1,84.5,0.2,-,6.50
Olivier Ntcham,Genoa,23,AM(C),11(6),999,-,1,2,-,1.4,82.2,0.6,-,6.50
Emanuele Terranova,Sassuolo,32,D(C),3(3),335,-,-,1,-,-,89.8,1.3,-,6.50
Joan Verdú,Fiorentina,36,M(CR),1(4),182,1,-,-,-,0.8,93.8,-,-,6.50
Luca Siligardi,Verona,31,"AM(LR),FW",17(11),1410,2,-,1,-,1.6,72.7,0.1,-,6.50
Simone Pepe,Chievo,35,M(C),6(16),788,3,3,2,1,0.9,77.3,0.4,-,6.49
Antonio Floro Flores,Chievo,36,"AM(L),FW",8(6),651,1,-,2,-,2,72.9,1.3,-,6.49
José Reina,Napoli,36,GK,37,3330,-,-,1,-,-,78.3,0.1,-,6.49
José Mauri,AC Milan,23,M(C),3(2),247,-,-,2,-,1.4,90.2,0.6,-,6.49
Carlos Carmona,Atalanta,32,DMC,5(3),465,-,-,2,1,0.1,84.8,0.5,-,6.49
Samuel Souprayen,Verona,30,D(L),18(2),1583,-,-,5,1,0.4,79,1,-,6.49
Simone Zaza,Juventus,28,FW,5(14),663,5,-,6,1,1.6,75.9,0.9,-,6.48
Filippo Costa,Chievo,24,M(L),0(6),127,-,-,-,-,-,64.8,0.7,-,6.48
Dusan Basta,Lazio,34,"D(R),M(R)",21(2),1817,-,-,1,-,0.5,81.4,0.8,-,6.48
Josef Martínez,Torino,26,FW,10(11),921,3,1,-,-,1.7,83.1,0.6,1,6.48
Robin Quaison,Palermo,25,"M(CLR),FW",14(16),1505,1,2,5,-,0.6,75.2,0.6,-,6.48
Pierluigi Gollini,Verona,24,GK,25(1),2319,-,-,2,-,-,50.5,0.1,1,6.47
Alessandro Frara,Frosinone,36,M(C),14(6),1162,2,-,3,-,0.6,69.9,1.4,-,6.47
Davide Bertoncini,Frosinone,28,Defender,4(1),365,-,-,1,-,-,72.2,2.6,-,6.47
Angelo Palombo,Sampdoria,37,"D(C),DMC",3(4),382,-,-,-,-,0.1,79.7,0.4,-,6.47
Éder,Inter,32,"AM(CLR),FW",8(6),749,1,-,1,-,1.5,82.9,0.6,-,6.47
Michel Morganella,Palermo,30,"D(R),M(LR)",11(3),1023,-,1,4,1,0.4,73.7,0.6,-,6.47
Morgan De Sanctis,Roma,42,GK,4,360,-,-,-,-,-,69.7,-,-,6.47
Emil Hallfredsson,Udinese,35,AM(C),7(4),661,-,-,3,-,0.5,76.3,0.7,-,6.46
Aleksandar Trajkovski,Palermo,26,"AM(CL),FW",16(16),1653,3,1,2,-,1.2,81.5,0.3,-,6.46
Roberto Crivello,Frosinone,27,D(L),16(1),1439,-,1,5,-,0.1,73,0.6,-,6.46
Marcello Gazzola,Sassuolo,34,"D(R),M(R)",4(5),475,-,1,1,-,0.2,78.9,0.6,-,6.45
Darko Lazovic,Genoa,28,M(LR),6(9),649,-,2,-,-,1.1,68.6,-,1,6.45
Luiz Adriano,AC Milan,32,"AM(L),FW",12(14),1187,4,3,4,-,1,77.6,1.3,1,6.45
Luca Bittante,Empoli,25,D(R),3(13),513,-,-,-,-,0.1,78.2,0.3,-,6.45
Rafael,Verona,37,GK,12,1009,-,-,-,1,-,54.6,0.1,-,6.45
Marco Zambelli,Empoli,33,D(R),13(6),1250,-,-,3,-,-,83,0.5,-,6.45
Juanito Gómez,Verona,34,"AM(LR),FW",19(14),1836,1,-,3,-,1.1,69.4,1.8,1,6.44
Raphael Martinho,Carpi,31,AM(CL),10(1),686,-,-,3,-,0.9,72.1,0.6,-,6.44
Mohamed Fares,Verona,23,"D(L),M(L)",7(4),546,-,1,2,-,0.4,70.8,0.3,-,6.44
Giulio Migliaccio,Atalanta,38,DMC,3(15),521,-,-,2,1,0.2,66.1,2.2,-,6.44
David López,Napoli,29,"D(C),DMC",6(19),728,1,1,2,-,0.4,88.8,0.6,-,6.44
Juan Iturbe,Roma,26,AM(LR),3(9),399,1,-,1,-,0.8,70.2,0.9,-,6.43
Roberto Inglese,Chievo,27,FW,14(12),1379,3,1,3,-,1.3,69.3,1.8,-,6.43
Edson Braafheid,Lazio,36,D(L),3(2),334,-,-,-,-,0.4,71.6,1,-,6.43
Raman Chibsah,Frosinone,26,M(C),14(8),1163,-,2,1,1,0.5,78.1,0.5,-,6.43
Emil Krafth,Bologna,24,D(R),2(2),144,-,-,-,-,-,81,-,-,6.43
Davide Brivio,Atalanta,31,"D(L),M(L)",10(4),1008,-,-,2,-,0.6,78.6,0.9,-,6.42
Mattia Zaccagni,Verona,24,Midfielder,0(3),49,-,-,-,-,0.7,80,0.3,-,6.42
Luca Rigoni,Palermo,34,M(CR),8(2),679,1,-,-,1,1,81.8,0.4,-,6.42
Neto,Juventus,29,GK,3,270,-,-,-,-,-,94.3,-,-,6.42
Antonio Di Natale,Udinese,41,FW,12(11),1146,2,4,-,-,1.4,72.9,0.3,-,6.41
Davide Biondini,Sassuolo,36,M(C),12(10),1103,-,-,3,-,0.3,70.4,0.6,-,6.41
Alexander Merkel,Udinese,27,M(CR),1,58,-,-,1,-,1,75,-,-,6.40
Vasyl Pryyma,Frosinone,28,Defender,3(2),294,-,-,1,-,0.2,70.8,2,-,6.40
Vasilis Torosidis,Roma,34,"D(CLR),M(R)",6(5),574,-,-,2,-,0.2,82.5,0.9,-,6.40
Manolo Gabbiadini,Napoli,27,"AM(CLR),FW",4(19),543,5,3,1,-,1.3,76.2,0.2,-,6.40
Djamel Mesbah,Sampdoria,34,"D(L),M(L)",6(1),585,-,-,2,-,0.3,79.2,1,-,6.39
Igor Bubnjic,Carpi,26,D(C),8(1),722,-,-,1,-,1,79.8,1.6,-,6.39
Davide Zappacosta,Torino,27,"D(R),M(R)",13(12),1265,1,1,3,-,0.6,78.9,0.2,-,6.39
Luigi Giorgi,Atalanta,32,M(CR),0(1),13,-,-,-,-,-,100,-,-,6.39
Stefano Mauri,Lazio,39,"M(CLR),FW",6(6),503,1,1,-,-,0.5,78.9,0.4,-,6.39
Patric,Lazio,26,"D(CR),M(R)",6(3),583,-,-,2,1,0.3,81.8,0.6,-,6.39
Giampaolo Pazzini,Verona,34,FW,20(10),1912,6,1,5,-,2.6,67.6,1.4,-,6.39
Karim Laribi,Sassuolo,28,M(C),6(5),484,-,-,-,-,0.9,75.6,0.5,-,6.38
Davide Bassi,Atalanta,34,GK,1,90,-,-,-,-,-,37,-,-,6.38
Juan Camilo Zuñiga,Bologna,33,"D(LR),M(L)",3(6),448,-,1,-,-,0.9,86.6,-,-,6.37
Kevin Lasagna,Carpi,26,"AM(L),FW",8(28),1483,5,2,1,-,1.2,61.7,1.5,-,6.37
Assane Dioussé,Empoli,21,DMC,9(6),820,-,-,2,1,0.3,85.5,0.3,-,6.37
Sergio Pellissier,Chievo,40,FW,10(9),951,5,-,2,-,1.2,71.9,1.1,-,6.36
Emerson,Roma,24,"D(L),M(L)",1(7),183,1,-,1,-,0.5,84.3,0.4,-,6.36
Maximiliano López,Torino,35,FW,8(18),1075,4,2,2,-,1,66.2,0.5,-,6.36
Nicolás Spolli,Carpi,36,D(C),4,327,-,-,2,-,0.3,82.6,0.5,-,6.36
Fabio Daprelà,Carpi,28,"D(L),M(L)",0(2),62,-,-,1,-,-,75,0.5,-,6.35
Tim Matavz,Genoa,30,FW,5(2),466,-,-,-,-,1.4,60.8,2.4,-,6.34
Paul-José M'Poku,Chievo,27,"AM(CLR),FW",6(14),756,-,-,3,-,0.9,76.1,0.7,-,6.34
Kamil Wilczek,Carpi,31,Forward,1(2),116,-,-,-,-,1.7,73.3,1.3,-,6.34
Matteo Mancosu,Carpi,34,FW,7(5),579,1,-,2,-,0.8,62.9,1.3,-,6.33
Stipe Perica,Udinese,23,FW,5(6),463,2,-,1,-,1.4,64.6,0.7,1,6.33
Marquinho,Udinese,32,M(CL),4(7),446,-,-,3,-,0.7,78.4,0.5,-,6.33
Andrea Poli,AC Milan,29,M(CL),4(14),570,-,1,1,-,0.3,89.5,0.1,-,6.33
Giuseppe Rossi,Fiorentina,32,FW,4(7),369,-,2,1,-,1.5,77.7,0.1,-,6.32
Filip Djordjevic,Lazio,31,FW,16(11),1291,3,2,1,1,0.8,71.6,1.2,-,6.32
Rômulo,Verona,32,"D(R),M(CR)",0(9),259,-,1,-,-,1.2,85.2,-,-,6.32
Rade Krunic,Empoli,25,AM(C),5(10),491,1,-,3,-,0.5,75.4,0.3,-,6.32
Lazaros Christodoulopoulos,Sampdoria,32,"AM(CLR),FW",3(7),354,1,-,3,-,0.6,79.2,-,-,6.31
Aleksandar Tonev,Frosinone,29,"AM(CR),FW",11(11),1083,-,1,2,-,1.4,68.8,0.1,-,6.31
Luca Martinelli,Empoli,30,Defender,1,90,-,-,-,-,1,85.7,4,-,6.31
Salih Ucan,Roma,25,AM(C),0(3),41,-,1,-,-,0.3,90,-,-,6.31
Alessandro Longhi,Sassuolo,30,"D(L),M(L)",4(2),313,-,1,1,-,0.2,78,0.8,-,6.30
Jérémy Ménez,AC Milan,32,"M(CLR),FW",2(8),288,2,-,1,-,0.6,81,0.1,-,6.30
Alberto Brignoli,Sampdoria,27,GK,1,90,-,-,-,-,-,39.5,-,-,6.30
Diego Falcinelli,Sassuolo,28,FW,11(15),1113,2,1,1,-,1,75,1,-,6.30
Erick Pulgar,Bologna,25,DMC,6(5),617,-,-,2,-,0.5,85.8,0.5,-,6.29
Kevin-Prince Boateng,AC Milan,32,"M(CLR),FW",1(10),188,1,-,1,-,0.5,75.2,0.7,-,6.29
Giovanni Pasquale,Udinese,37,M(L),2(4),233,-,-,2,-,-,71.4,0.5,-,6.29
Franco Signorelli,Empoli,28,Midfielder,0(1),33,-,-,-,-,-,70.6,-,-,6.29
Bryan Cristante,Palermo,24,M(C),1(3),94,-,-,-,-,0.5,70.6,1.3,-,6.29
Goran Pandev,Genoa,35,"M(CR),FW",9(6),825,-,-,-,1,1.1,78.9,0.8,-,6.29
Gabriel,Napoli,26,GK,1,90,-,-,-,-,-,93.8,-,-,6.28
Michele Rocca,Sampdoria,23,Midfielder,0(1),29,-,-,-,-,-,33.3,2,-,6.28
Omar El Kaddouri,Napoli,28,AM(CL),0(20),230,1,2,2,-,0.6,89.6,0.2,-,6.28
Andrea Ranocchia,Inter,31,D(C),1(9),210,-,-,-,-,-,82.9,1,-,6.27
Salvador Ichazo,Torino,27,GK,3,270,-,-,-,-,-,56,0.3,-,6.26
Tino Costa,Fiorentina,34,M(C),3(4),286,-,-,3,-,0.3,84,0.1,-,6.26
Kevin Constant,Bologna,32,"D(L),M(CL)",3(4),279,-,-,-,-,-,83.7,1,-,6.26
Simone Colombi,Palermo,27,GK,1,90,-,-,-,-,-,43.8,-,-,6.25
Leandro Castán,Roma,32,D(C),4(1),381,-,-,1,-,-,85.1,1.4,-,6.24
Fabio Daprelà,Palermo,28,"D(L),M(L)",1(4),150,-,-,1,-,0.2,76.6,0.6,-,6.24
Alessandro Matri,Lazio,34,FW,7(12),811,4,1,1,1,0.6,66.5,0.2,-,6.24
Ante Rebic,Verona,25,"AM(CLR),FW",6(4),527,-,-,1,1,1,69.5,0.3,-,6.24
Diego López,AC Milan,37,GK,8,720,-,-,1,-,-,71.7,-,-,6.24
Diego Capel,Genoa,31,AM(L),5(16),709,-,-,2,-,0.7,83.8,-,-,6.23
Uros Djurdjevic,Palermo,25,FW,5(9),473,2,1,2,-,0.6,75.6,0.1,-,6.23
Matteo Mancosu,Bologna,34,FW,3(6),322,1,-,-,-,0.2,69.8,0.4,-,6.23
Nikola Ninkovic,Chievo,24,AM(CL),0(1),7,-,-,-,-,-,75,-,-,6.22
Antonio Nocerino,AC Milan,34,M(C),1(1),66,-,-,-,-,-,89.2,-,-,6.21
Alexander Farnerud,Torino,35,"AM(C),FW",0(5),90,-,-,-,-,0.4,82.8,0.4,-,6.21
Jonathan de Guzmán,Carpi,31,M(CLR),1(4),111,1,-,-,-,0.4,60.7,0.2,-,6.20
Fabrizio Alastra,Palermo,21,Goalkeeper,1(1),142,-,-,-,-,-,79.5,-,-,6.20
Pawel Wszolek,Sampdoria,27,"D(R),M(CLR)",0(2),10,-,-,-,-,-,100,-,-,6.20
Marcello Trotta,Sassuolo,26,"AM(R),FW",1(7),193,1,-,-,-,1.5,76.6,0.4,-,6.19
Daniele Verde,Frosinone,23,AM(LR),1(5),125,-,-,-,-,1.7,73.5,-,-,6.18
Mauricio Isla,Juventus,31,"D(R),M(CR)",0(1),9,-,-,-,-,-,60,-,-,6.18
Bosko Jankovic,Verona,35,M(LR),11(4),900,1,-,3,1,0.9,63.6,1.2,-,6.18
Andrea Coda,Sampdoria,34,D(C),2(2),121,-,-,1,-,-,85.7,0.5,-,6.18
Matuzalém,Verona,39,M(C),2(5),204,-,-,1,-,-,84.7,0.3,-,6.17
Rodrigo Aguirre,Udinese,24,FW,3(7),335,-,1,1,-,0.7,67.6,0.5,-,6.17
Assane Gnoukouri,Inter,22,M(C),1(1),57,-,-,-,-,1,89.6,0.5,-,6.17
Aaron Tabacchi,Bologna,21,Forward,0(1),7,-,-,-,-,-,83.3,-,-,6.16
Massimiliano Carlini,Frosinone,32,Midfielder,2(12),375,-,-,-,-,0.3,73.1,0.3,-,6.16
Ravel Morrison,Lazio,26,M(C),0(4),60,-,-,-,-,-,91.8,0.3,-,6.16
Gaetano Monachello,Atalanta,25,Forward,3(7),355,-,-,2,-,1.5,81.4,0.2,-,6.15
Nathaniel Chalobah,Napoli,24,DMC,0(5),29,-,-,-,-,-,93,0.4,-,6.15
Federico Bonazzoli,Sampdoria,22,Forward,0(4),69,-,-,-,-,0.3,87.5,0.5,-,6.15
Norbert Gyömbér,Roma,26,"D(C),DMC",0(6),93,-,-,1,-,-,78,0.7,-,6.15
Claud Adjapong,Sassuolo,21,"D(R),M(LR)",0(2),18,-,-,-,-,-,87.5,0.5,-,6.15
Ryder,Udinese,26,"AM(CLR),FW",4(7),410,-,1,1,-,0.3,76.2,0.1,-,6.14
Marko Livaja,Empoli,25,"AM(C),FW",4(14),597,1,-,7,-,0.9,73.9,0.1,-,6.13
Serge Gakpé,Atalanta,32,"AM(LR),FW",0(5),72,-,-,-,-,0.6,56.3,0.4,-,6.13
Luca Checchin,Verona,22,Midfielder,1(3),99,-,-,1,-,-,75.4,-,-,6.12
Boris Radunovic,Atalanta,23,Goalkeeper,1,90,-,-,-,-,-,58.6,-,-,6.12
Sanjin Prcic,Torino,25,M(C),0(2),27,-,-,-,-,-,76.5,-,-,6.12
Filippo Falco,Bologna,27,Midfielder,1(8),214,-,-,1,-,0.4,87,0.2,-,6.11
Nigel de Jong,AC Milan,34,M(C),5,373,-,-,-,1,0.8,85.5,0.6,-,6.11
Zeljko Brkic,Carpi,32,GK,3(1),331,-,-,-,-,-,43.8,0.3,-,6.10
Fernando Llorente,Juventus,34,FW,0(1),11,-,-,-,-,-,50,2,-,6.09
Suso,AC Milan,25,"AM(CLR),FW",1,55,-,-,-,-,2,87.5,-,-,6.09
Manuel Locatelli,AC Milan,21,M(C),1(1),92,-,-,1,-,-,78.3,-,-,6.09
Robert Acquafresca,Bologna,31,FW,2(4),206,-,-,-,-,0.5,67.9,1.2,-,6.09
Filippo Porcari,Carpi,35,"D(C),DMC",2(2),183,-,-,1,-,0.5,79,1,-,6.08
Fabio Della Giovanna,Inter,22,Defender,0(1),9,-,-,-,-,-,60,1,-,6.08
Vasco Regini,Napoli,28,D(CL),0(1),14,-,-,-,-,-,100,-,-,6.07
Alessandro Piu,Empoli,22,Forward,2(8),213,-,-,-,-,0.3,75.9,0.1,-,6.06
Marcelo Estigarribia,Atalanta,31,"D(L),M(CLR)",0(4),25,-,-,-,-,-,69.2,-,-,6.06
Accursio Bentivegna,Palermo,23,Forward,0(1),10,-,-,1,-,-,83.3,-,-,6.05
Amauri,Torino,39,FW,0(1),8,-,-,-,-,-,75,1,-,6.05
Jacopo Sala,Sampdoria,27,"D(R),M(CR)",3(2),195,-,-,2,-,-,80.7,0.2,-,6.04
Dominik Furman,Verona,26,DMC,0(1),19,-,-,-,-,-,88.2,-,-,6.04
Andrés Ponce,Sampdoria,22,FW,0(1),4,-,-,-,-,-,66.7,-,-,6.03
Panagiotis Kone,Fiorentina,31,M(CLR),0(1),8,-,-,-,-,1,75,1,-,6.02
Simone Edera,Torino,22,Forward,0(2),6,-,-,-,-,-,100,-,-,6.02
Franco Zuculini,Bologna,28,M(CR),0(1),18,-,-,-,-,-,93.3,-,-,6.01
Adem Ljajic,Roma,27,"AM(CLR),FW",0(1),1,-,-,-,-,-,-,-,-,6.00
Alejandro Rodriguez,Sampdoria,27,FW,0(6),38,-,-,-,-,-,25,0.2,-,6.00
Andrea Favilli,Juventus,22,Forward,0(1),1,-,-,-,-,-,-,-,-,6.00
Marco Tumminello,Roma,20,Forward,0(1),1,-,-,-,-,-,-,-,-,6.00
Rubinho,Juventus,36,GK,1,1,-,-,-,1,-,-,-,-,6.00
Levan Mchedlidze,Empoli,29,FW,2(11),311,-,-,2,1,0.9,75.6,0.6,-,6.00
Milan Skriniar,Sampdoria,24,D(C),2(1),105,-,-,1,1,-,93.5,0.3,-,6.00
Michele Camporese,Empoli,27,"DMC,M(R)",2,161,-,-,-,-,0.5,96.4,1,-,6.00
Rey Manaj,Inter,22,FW,0(4),33,-,-,1,-,0.5,100,-,-,5.99
Giuseppe Panico,Genoa,22,Forward,0(1),7,-,-,-,-,-,100,-,-,5.99
Samuele Longo,Frosinone,27,FW,3(15),323,-,1,2,-,0.6,61.4,0.2,-,5.99
Norbert Balogh,Palermo,23,Forward,0(4),49,-,-,-,-,0.5,73.7,0.8,-,5.98
Víctor Ibarbo,Roma,29,"AM(LR),FW",0(2),8,-,-,-,-,-,33.3,0.5,-,5.98
Ionut Radu,Inter,22,GK,0(1),18,-,-,-,-,-,50,-,-,5.97
Lorenzo Di Livio,Roma,22,Midfielder,0(1),21,-,-,1,-,-,100,-,-,5.96
Maurizio Domizzi,Udinese,39,D(C),3(2),272,-,-,1,-,0.2,79.2,0.4,-,5.96
Nicolás Castillo,Frosinone,26,FW,3(3),306,-,-,1,-,1.7,80.6,0.5,-,5.95
Antonino La Gumina,Palermo,23,FW,0(3),63,-,-,-,-,1,91.7,-,-,5.92
Juan Carrizo,Inter,35,GK,2,162,-,-,-,-,-,68.4,-,-,5.86
Ferdinando Coppola,Verona,41,GK,1,90,-,-,-,-,-,36.1,-,-,5.76
Rodrigo Ely,AC Milan,25,D(C),2(1),170,-,-,1,1,0.7,73.8,-,-,5.69
